"","GeneID","baseMean","log2FoldChange","lfcSE","stat","pvalue","padj","Gene.Annotation","GOID","KEGGID","KOG.annotation"
"1","Plampa10155",46.8988841041474,-0.596590653510426,0.159037592481461,-3.75125556292592,0.000175951239652595,0.0352149428413474,"regulation of podosome assembly","GO:0002102;GO:0003674;GO:0003774;GO:0003777;GO:0003824;GO:0005488;GO:0005515;GO:0005575;GO:0005622;GO:0005623;GO:0005737;GO:0005829;GO:0005856;GO:0005871;GO:0005874;GO:0005875;GO:0006928;GO:0006996;GO:0007017;GO:0007018;GO:0008150;GO:0009987;GO:0015629;GO:0015630;GO:0016043;GO:0016462;GO:0016787;GO:0016817;GO:0016818;GO:0016887;GO:0017111;GO:0022411;GO:0022617;GO:0030198;GO:0031982;GO:0032991;GO:0033043;GO:0043062;GO:0043226;GO:0043227;GO:0043228;GO:0043229;GO:0043232;GO:0043254;GO:0044087;GO:0044422;GO:0044424;GO:0044430;GO:0044444;GO:0044446;GO:0044464;GO:0046983;GO:0050789;GO:0050794;GO:0051128;GO:0065007;GO:0071801;GO:0071840;GO:0099080;GO:0099081;GO:0099512;GO:0099513;GO:1902115;GO:1903008","K10397","Cytoskeleton"
"2","Plampa10289",369.813638605608,0.194331122997804,0.0528463736935249,3.67728397268655,0.000235730565630532,0.038974120184248,"to Saccharomyces cerevisiae YPT10 (YBR264C)","GO:0000166;GO:0000322;GO:0000323;GO:0000324;GO:0000329;GO:0003674;GO:0003824;GO:0003924;GO:0005488;GO:0005575;GO:0005622;GO:0005623;GO:0005737;GO:0005773;GO:0005774;GO:0006996;GO:0007030;GO:0008150;GO:0009987;GO:0010256;GO:0016020;GO:0016043;GO:0016462;GO:0016787;GO:0016817;GO:0016818;GO:0017076;GO:0017111;GO:0019001;GO:0031090;GO:0036094;GO:0043226;GO:0043227;GO:0043229;GO:0043231;GO:0044422;GO:0044424;GO:0044437;GO:0044444;GO:0044446;GO:0044464;GO:0071840;GO:0097159;GO:0098588;GO:0098805;GO:0098852;GO:1901265;GO:1901363","K07910","Intracellular trafficking, secretion, and vesicular transport"
"3","Plampa10601",67.1200448224493,-0.366889106896404,0.103111776655992,-3.55816880277838,0.000373449295996487,0.0458097803089024,"-","GO:0000003;GO:0000075;GO:0000079;GO:0000082;GO:0000086;GO:0000226;GO:0000278;GO:0000280;GO:0000902;GO:0001700;GO:0001932;GO:0001933;GO:0003674;GO:0003824;GO:0004672;GO:0004713;GO:0005488;GO:0005515;GO:0005575;GO:0005622;GO:0005623;GO:0005634;GO:0005654;GO:0005730;GO:0005737;GO:0005829;GO:0006464;GO:0006468;GO:0006469;GO:0006793;GO:0006796;GO:0006807;GO:0006996;GO:0006997;GO:0007010;GO:0007017;GO:0007049;GO:0007051;GO:0007093;GO:0007098;GO:0007143;GO:0007163;GO:0007275;GO:0007276;GO:0007292;GO:0007338;GO:0007346;GO:0007399;GO:0008150;GO:0008152;GO:0009566;GO:0009653;GO:0009790;GO:0009792;GO:0009892;GO:0009987;GO:0010563;GO:0010564;GO:0010605;GO:0010721;GO:0010948;GO:0016043;GO:0016301;GO:0016310;GO:0016740;GO:0016772;GO:0016773;GO:0018108;GO:0018193;GO:0018212;GO:0019220;GO:0019222;GO:0019538;GO:0019953;GO:0022008;GO:0022402;GO:0022412;GO:0022414;GO:0022607;GO:0030010;GO:0030030;GO:0030154;GO:0030182;GO:0031023;GO:0031175;GO:0031323;GO:0031324;GO:0031399;GO:0031400;GO:0031974;GO:0031981;GO:0032268;GO:0032269;GO:0032501;GO:0032502;GO:0032504;GO:0032989;GO:0032990;GO:0033043;GO:0033673;GO:0035038;GO:0036211;GO:0040020;GO:0042325;GO:0042326;GO:0043086;GO:0043170;GO:0043226;GO:0043227;GO:0043228;GO:0043229;GO:0043231;GO:0043232;GO:0043233;GO:0043412;GO:0043549;GO:0043900;GO:0043901;GO:0044085;GO:0044092;GO:0044237;GO:0044238;GO:0044260;GO:0044267;GO:0044422;GO:0044424;GO:0044428;GO:0044444;GO:0044446;GO:0044464;GO:0044703;GO:0044770;GO:0044772;GO:0044839;GO:0044843;GO:0045595;GO:0045596;GO:0045736;GO:0045786;GO:0045859;GO:0045930;GO:0045936;GO:0048285;GO:0048468;GO:0048519;GO:0048523;GO:0048609;GO:0048666;GO:0048699;GO:0048731;GO:0048812;GO:0048856;GO:0048858;GO:0048869;GO:0050789;GO:0050790;GO:0050793;GO:0050794;GO:0051093;GO:0051128;GO:0051171;GO:0051172;GO:0051174;GO:0051179;GO:0051225;GO:0051239;GO:0051241;GO:0051246;GO:0051248;GO:0051299;GO:0051321;GO:0051338;GO:0051348;GO:0051445;GO:0051447;GO:0051640;GO:0051641;GO:0051642;GO:0051704;GO:0051726;GO:0051783;GO:0060255;GO:0060281;GO:0060283;GO:0060284;GO:0060631;GO:0061842;GO:0065007;GO:0065009;GO:0070013;GO:0070925;GO:0071704;GO:0071840;GO:0071900;GO:0071901;GO:0080090;GO:0120036;GO:0120039;GO:0140013;GO:0140096;GO:1900193;GO:1900194;GO:1901564;GO:1903046;GO:1903047;GO:1903429;GO:1903430;GO:1903538;GO:1904029;GO:1904030;GO:1904145;GO:1905879;GO:1905880;GO:2000241;GO:2000242","K06632","Cell cycle control, cell division, chromosome partitioning"
"4","Plampa107792",49.0812917480905,-1.03408552513158,0.290861528664349,-3.5552502590499,0.000377619485529046,0.0458285435203761,"-","-","-","-"
"5","Plampa10864",38.6028771899994,0.527057513600926,0.135182532704682,3.89885810729947,9.66473861224513e-05,0.0239685517583679,"-","-","-","-"
"6","Plampa10941",32.2839415949712,-0.579939079729371,0.161893276127665,-3.58223079797364,0.000340672605816383,0.0441635578085602,"-","-","-","-"
"7","Plampa10971",35.8795281295263,0.668109379799413,0.162854493266462,4.10249276147544,4.0872264617985e-05,0.0137138469047639,"-","-","-","-"
"8","Plampa11323",237.40375693854,-0.384339037166224,0.10388129579485,-3.69979055637924,0.00021577747095168,0.0378281419470478,"plus-end-directed vesicle transport along microtubule","GO:0000003;GO:0000022;GO:0000070;GO:0000166;GO:0000226;GO:0000278;GO:0000280;GO:0000281;GO:0000819;GO:0000910;GO:0000912;GO:0000915;GO:0000916;GO:0001578;GO:0001709;GO:0002376;GO:0002478;GO:0002495;GO:0002504;GO:0003674;GO:0003774;GO:0003777;GO:0003824;GO:0005488;GO:0005515;GO:0005524;GO:0005575;GO:0005576;GO:0005622;GO:0005623;GO:0005634;GO:0005654;GO:0005737;GO:0005813;GO:0005815;GO:0005819;GO:0005828;GO:0005829;GO:0005856;GO:0005871;GO:0005874;GO:0005875;GO:0005876;GO:0005886;GO:0005929;GO:0005930;GO:0006810;GO:0006890;GO:0006928;GO:0006996;GO:0007010;GO:0007017;GO:0007018;GO:0007049;GO:0007051;GO:0007052;GO:0007059;GO:0007097;GO:0007143;GO:0007154;GO:0007165;GO:0007166;GO:0007224;GO:0007275;GO:0007276;GO:0007292;GO:0007338;GO:0007399;GO:0007422;GO:0007525;GO:0008017;GO:0008092;GO:0008104;GO:0008144;GO:0008150;GO:0008574;GO:0009566;GO:0009966;GO:0009968;GO:0009987;GO:0010564;GO:0010646;GO:0010648;GO:0015630;GO:0015631;GO:0016020;GO:0016043;GO:0016192;GO:0016462;GO:0016787;GO:0016817;GO:0016818;GO:0016887;GO:0017076;GO:0017111;GO:0019882;GO:0019884;GO:0019886;GO:0019899;GO:0019900;GO:0019901;GO:0019953;GO:0022402;GO:0022412;GO:0022414;GO:0022607;GO:0023051;GO:0023052;GO:0023057;GO:0030029;GO:0030036;GO:0030111;GO:0030154;GO:0030178;GO:0030496;GO:0030554;GO:0030865;GO:0030866;GO:0031032;GO:0031974;GO:0031981;GO:0031991;GO:0032153;GO:0032154;GO:0032155;GO:0032465;GO:0032467;GO:0032501;GO:0032502;GO:0032504;GO:0032506;GO:0032507;GO:0032553;GO:0032555;GO:0032559;GO:0032838;GO:0032886;GO:0032954;GO:0032956;GO:0032970;GO:0032991;GO:0033036;GO:0033043;GO:0033206;GO:0034613;GO:0035046;GO:0035323;GO:0035324;GO:0035639;GO:0036094;GO:0036213;GO:0040038;GO:0042623;GO:0042802;GO:0042995;GO:0043167;GO:0043168;GO:0043226;GO:0043227;GO:0043228;GO:0043229;GO:0043231;GO:0043232;GO:0043233;GO:0044085;GO:0044421;GO:0044422;GO:0044424;GO:0044425;GO:0044428;GO:0044430;GO:0044441;GO:0044444;GO:0044446;GO:0044459;GO:0044463;GO:0044464;GO:0044703;GO:0044837;GO:0045165;GO:0045171;GO:0045172;GO:0045185;GO:0045787;GO:0046907;GO:0048002;GO:0048193;GO:0048285;GO:0048518;GO:0048519;GO:0048522;GO:0048523;GO:0048583;GO:0048585;GO:0048609;GO:0048731;GO:0048856;GO:0048869;GO:0050789;GO:0050794;GO:0050896;GO:0051128;GO:0051179;GO:0051225;GO:0051231;GO:0051233;GO:0051234;GO:0051235;GO:0051255;GO:0051256;GO:0051257;GO:0051276;GO:0051301;GO:0051302;GO:0051321;GO:0051493;GO:0051640;GO:0051641;GO:0051647;GO:0051649;GO:0051651;GO:0051656;GO:0051704;GO:0051716;GO:0051726;GO:0051781;GO:0060828;GO:0061061;GO:0061640;GO:0065007;GO:0065008;GO:0070013;GO:0070507;GO:0070727;GO:0070925;GO:0070938;GO:0071840;GO:0071944;GO:0072686;GO:0090068;GO:0090090;GO:0090307;GO:0097014;GO:0097149;GO:0097159;GO:0097367;GO:0098549;GO:0098590;GO:0098813;GO:0099080;GO:0099081;GO:0099512;GO:0099513;GO:0099568;GO:0110020;GO:0120025;GO:0120038;GO:0140013;GO:0140014;GO:1901265;GO:1901363;GO:1902850;GO:1903046;GO:1903047;GO:1903562;GO:1990023;GO:1990939","K17387","Cytoskeleton"
"9","Plampa12383",87.3171683095741,-0.435601852865797,0.115469611613923,-3.77243715274845,0.000161660694301973,0.0335313672835801,"-","-","-","-"
"10","Plampa12433",34.1968323775755,-0.593948413291578,0.159793968641521,-3.71696390258655,0.000201631238548976,0.0365112566566145,"-","-","-","-"
"11","Plampa12775",127.852368482916,0.473402422762696,0.129945821698571,3.64307537229496,0.000269399909722579,0.0414640824338491,"-","-","-","-"
"12","Plampa1303",540.655965575651,-0.223075443831014,0.0601113102035651,-3.71103945456481,0.000206409926034843,0.0367925693157108,"-","GO:0000003;GO:0002064;GO:0002065;GO:0002066;GO:0002119;GO:0002164;GO:0003006;GO:0003674;GO:0003779;GO:0005488;GO:0005515;GO:0005575;GO:0005622;GO:0005623;GO:0005634;GO:0005737;GO:0005856;GO:0005886;GO:0005912;GO:0005938;GO:0006810;GO:0006897;GO:0006950;GO:0007009;GO:0007043;GO:0007275;GO:0007276;GO:0007281;GO:0007292;GO:0008017;GO:0008091;GO:0008092;GO:0008150;GO:0008361;GO:0009611;GO:0009653;GO:0009790;GO:0009791;GO:0009887;GO:0009888;GO:0009987;GO:0010171;GO:0010172;GO:0010256;GO:0010796;GO:0010797;GO:0015629;GO:0015631;GO:0016020;GO:0016043;GO:0016192;GO:0016197;GO:0016324;GO:0016327;GO:0019953;GO:0022412;GO:0022414;GO:0022607;GO:0022612;GO:0030054;GO:0030154;GO:0030707;GO:0030855;GO:0030863;GO:0030864;GO:0032501;GO:0032502;GO:0032504;GO:0032509;GO:0032535;GO:0034329;GO:0034330;GO:0034332;GO:0034333;GO:0035150;GO:0035295;GO:0040008;GO:0040012;GO:0040014;GO:0040018;GO:0042060;GO:0043226;GO:0043227;GO:0043228;GO:0043229;GO:0043231;GO:0043232;GO:0043297;GO:0044085;GO:0044422;GO:0044424;GO:0044425;GO:0044430;GO:0044444;GO:0044446;GO:0044448;GO:0044459;GO:0044464;GO:0044703;GO:0045177;GO:0045186;GO:0045216;GO:0045793;GO:0045927;GO:0046620;GO:0046622;GO:0046907;GO:0048468;GO:0048477;GO:0048513;GO:0048518;GO:0048565;GO:0048598;GO:0048609;GO:0048638;GO:0048639;GO:0048731;GO:0048732;GO:0048856;GO:0048869;GO:0050789;GO:0050793;GO:0050896;GO:0051036;GO:0051094;GO:0051179;GO:0051234;GO:0051239;GO:0051240;GO:0051641;GO:0051649;GO:0051704;GO:0055123;GO:0060429;GO:0060465;GO:0061024;GO:0065007;GO:0065008;GO:0070161;GO:0071840;GO:0071944;GO:0071985;GO:0090066;GO:0098590;GO:0098657;GO:0099568;GO:1905905","K06115","Cytoskeleton"
"13","Plampa13147",163.58820722183,-2.07742996224434,0.566307924611953,-3.66837522831389,0.000244096766634466,0.0397807987680855,"-","-","-","-"
"14","Plampa13235",309.989081998598,-3.23839625010461,0.543184781084814,-5.96186852591321,2.49369759365035e-09,1.42240510741816e-05,"-","-","-","-"
"15","Plampa13250",339.476817750707,-0.286151871137406,0.0788844545576123,-3.62748113987933,0.000286199673443968,0.0414640824338491,"PLAC8 family","-","-","-"
"16","Plampa13393",424.042322147891,0.167106692334336,0.0465040760836399,3.5933773210285,0.000326419369116928,0.0432999088707665,"-","-","-","RNA processing and modification"
"17","Plampa13803",36.9548238874072,-0.990888399831002,0.263593029778291,-3.75916009867348,0.000170484721664809,0.0347301732991454,"-","-","-","-"
"18","Plampa1466",620.376895011924,-0.236513635734947,0.067103355084081,-3.52461714378654,0.000424095252748082,0.0483807864335012,"OTU domain containing 4","GO:0000003;GO:0001959;GO:0001960;GO:0002682;GO:0002683;GO:0003006;GO:0003674;GO:0003824;GO:0004843;GO:0005198;GO:0005488;GO:0005515;GO:0005575;GO:0005622;GO:0005623;GO:0005737;GO:0006275;GO:0006464;GO:0006508;GO:0006807;GO:0007275;GO:0007276;GO:0007281;GO:0007292;GO:0007530;GO:0007538;GO:0007542;GO:0008150;GO:0008152;GO:0008233;GO:0008234;GO:0009889;GO:0009891;GO:0009893;GO:0009966;GO:0009968;GO:0009987;GO:0010556;GO:0010557;GO:0010564;GO:0010604;GO:0010646;GO:0010648;GO:0016579;GO:0016787;GO:0018992;GO:0019099;GO:0019219;GO:0019222;GO:0019538;GO:0019783;GO:0019953;GO:0022412;GO:0022414;GO:0023051;GO:0023057;GO:0030154;GO:0030162;GO:0030237;GO:0031323;GO:0031325;GO:0031326;GO:0031328;GO:0031347;GO:0031399;GO:0032268;GO:0032501;GO:0032502;GO:0032504;GO:0032875;GO:0032877;GO:0032947;GO:0034121;GO:0034122;GO:0036211;GO:0036459;GO:0043170;GO:0043412;GO:0044237;GO:0044238;GO:0044260;GO:0044267;GO:0044424;GO:0044464;GO:0044703;GO:0045088;GO:0045740;GO:0045787;GO:0045935;GO:0048468;GO:0048477;GO:0048518;GO:0048519;GO:0048522;GO:0048523;GO:0048583;GO:0048585;GO:0048609;GO:0048856;GO:0048869;GO:0050776;GO:0050789;GO:0050794;GO:0051052;GO:0051054;GO:0051171;GO:0051173;GO:0051246;GO:0051704;GO:0051726;GO:0060255;GO:0060759;GO:0060761;GO:0061578;GO:0065007;GO:0070011;GO:0070536;GO:0070646;GO:0070647;GO:0071108;GO:0071704;GO:0080090;GO:0080134;GO:0090068;GO:0090085;GO:0090329;GO:0101005;GO:0140096;GO:1901535;GO:1901537;GO:1901564;GO:1903093;GO:1903320;GO:2000105;GO:2000112;GO:2000659;GO:2000660","K07432",""
"19","Plampa15103",78.6522202995981,-0.561473388809204,0.124043387488365,-4.52642740719951,5.99891928889838e-06,0.00709697197658909,"smoothened signaling pathway","GO:0001669;GO:0005575;GO:0005622;GO:0005623;GO:0005737;GO:0005929;GO:0006996;GO:0007154;GO:0007165;GO:0007166;GO:0007224;GO:0008150;GO:0009987;GO:0012505;GO:0016043;GO:0022607;GO:0023052;GO:0030030;GO:0030031;GO:0030141;GO:0031410;GO:0031514;GO:0031982;GO:0042995;GO:0043226;GO:0043227;GO:0043229;GO:0044085;GO:0044424;GO:0044444;GO:0044464;GO:0044782;GO:0050789;GO:0050794;GO:0050896;GO:0051716;GO:0060271;GO:0065007;GO:0070925;GO:0071840;GO:0097223;GO:0097708;GO:0099503;GO:0120025;GO:0120031;GO:0120036","K24838","-"
"20","Plampa1576",701.328127434185,-0.446858910329811,0.105229429333054,-4.24652032384866,2.1711609408054e-05,0.0108496202504338,"Filamin C, gamma","GO:0000902;GO:0000904;GO:0001736;GO:0001738;GO:0002009;GO:0003674;GO:0003779;GO:0005488;GO:0005515;GO:0006928;GO:0006935;GO:0007164;GO:0007275;GO:0007399;GO:0007409;GO:0007411;GO:0008092;GO:0008150;GO:0009605;GO:0009612;GO:0009628;GO:0009653;GO:0009888;GO:0009987;GO:0016043;GO:0022008;GO:0030030;GO:0030154;GO:0030182;GO:0031175;GO:0032501;GO:0032502;GO:0032989;GO:0032990;GO:0040011;GO:0042221;GO:0042330;GO:0048104;GO:0048468;GO:0048666;GO:0048667;GO:0048699;GO:0048729;GO:0048731;GO:0048812;GO:0048856;GO:0048858;GO:0048869;GO:0050896;GO:0060429;GO:0061564;GO:0071840;GO:0072499;GO:0097485;GO:0120036;GO:0120039","K04437","Cytoskeleton"
"21","Plampa15884",616.000084278629,-0.369728562646615,0.104289653815902,-3.54520845662486,0.000392302701299829,0.0461380331590562,"-","-","-","-"
"22","Plampa16133",187.872918412013,-0.941714431217035,0.220527677684507,-4.27027773159738,1.95229700051407e-05,0.0108496202504338,"-","-","-","-"
"23","Plampa16285",64.3887983407897,-0.722089976225097,0.199492421590348,-3.61963612686946,0.000295017580016334,0.0420695069103293,"-","-","-","-"
"24","Plampa16457",72.820703745287,-0.430641176671096,0.122621632724825,-3.5119510897192,0.000444829855331842,0.0487944133617851,"-","-","-","-"
"25","Plampa1739",404.911766196854,-0.494920835665742,0.111501881744764,-4.43867697944913,9.05135403531293e-06,0.00737556048820356,"-","-","K24047","-"
"26","Plampa1779",646.439271391769,-0.325022922939255,0.0883207383440105,-3.68002950420643,0.000233206969674307,0.038974120184248,"Phytanoyl-CoA dioxygenase (PhyH)","-","-","-"
"27","Plampa19135",31.5210255471666,-0.708783074690116,0.200591669226899,-3.53346216930065,0.000410154784051883,0.047745365065958,"-","-","K13275","-"
"28","Plampa1918",385.39408243862,-0.239203338486869,0.0648604622921031,-3.68796844847639,0.000226051672003966,0.0384895145406155,"protein heterodimerization activity","GO:0000785;GO:0000793;GO:0005575;GO:0005622;GO:0005623;GO:0005634;GO:0005694;GO:0006355;GO:0008150;GO:0009889;GO:0009890;GO:0009892;GO:0009996;GO:0010453;GO:0010454;GO:0010468;GO:0010556;GO:0010558;GO:0010605;GO:0010629;GO:0019219;GO:0019222;GO:0031323;GO:0031324;GO:0031326;GO:0031327;GO:0042659;GO:0043226;GO:0043227;GO:0043228;GO:0043229;GO:0043231;GO:0043232;GO:0044422;GO:0044424;GO:0044427;GO:0044446;GO:0044464;GO:0045595;GO:0045596;GO:0045892;GO:0045934;GO:0048519;GO:0048523;GO:0050789;GO:0050793;GO:0050794;GO:0051093;GO:0051171;GO:0051172;GO:0051252;GO:0051253;GO:0060255;GO:0065007;GO:0080090;GO:1902679;GO:1903506;GO:1903507;GO:2000112;GO:2000113;GO:2001141","K11251","Chromatin structure and dynamics"
"29","Plampa2031",157.869594479027,-0.409286727404904,0.116425487193306,-3.51543925021631,0.000439027190163633,0.0487121110947486,"RNA polymerase II CTD heptapeptide repeat kinase activity","GO:0000003;GO:0000075;GO:0000077;GO:0000082;GO:0000086;GO:0000187;GO:0000226;GO:0000278;GO:0000280;GO:0000302;GO:0000307;GO:0000578;GO:0000724;GO:0000725;GO:0000741;GO:0001556;GO:0001932;GO:0001934;GO:0002064;GO:0002065;GO:0002066;GO:0002082;GO:0003002;GO:0003006;GO:0003674;GO:0003682;GO:0003824;GO:0004672;GO:0004674;GO:0004693;GO:0005488;GO:0005515;GO:0005575;GO:0005622;GO:0005623;GO:0005634;GO:0005654;GO:0005737;GO:0005739;GO:0005783;GO:0005789;GO:0005813;GO:0005815;GO:0005819;GO:0005829;GO:0005856;GO:0005874;GO:0005876;GO:0006139;GO:0006140;GO:0006259;GO:0006260;GO:0006275;GO:0006281;GO:0006302;GO:0006310;GO:0006323;GO:0006325;GO:0006464;GO:0006468;GO:0006508;GO:0006511;GO:0006725;GO:0006793;GO:0006796;GO:0006807;GO:0006928;GO:0006950;GO:0006974;GO:0006977;GO:0006979;GO:0006996;GO:0006997;GO:0006998;GO:0007010;GO:0007017;GO:0007030;GO:0007049;GO:0007077;GO:0007093;GO:0007095;GO:0007098;GO:0007140;GO:0007154;GO:0007165;GO:0007275;GO:0007276;GO:0007281;GO:0007282;GO:0007283;GO:0007284;GO:0007292;GO:0007293;GO:0007338;GO:0007344;GO:0007346;GO:0007350;GO:0007351;GO:0007389;GO:0007399;GO:0007405;GO:0007507;GO:0007568;GO:0007569;GO:0008104;GO:0008150;GO:0008152;GO:0008283;GO:0008284;GO:0008353;GO:0008356;GO:0008595;GO:0009056;GO:0009057;GO:0009058;GO:0009059;GO:0009266;GO:0009408;GO:0009566;GO:0009611;GO:0009628;GO:0009636;GO:0009653;GO:0009790;GO:0009798;GO:0009880;GO:0009888;GO:0009889;GO:0009891;GO:0009893;GO:0009894;GO:0009896;GO:0009948;GO:0009952;GO:0009966;GO:0009967;GO:0009987;GO:0009994;GO:0010033;GO:0010035;GO:0010038;GO:0010243;GO:0010256;GO:0010389;GO:0010468;GO:0010498;GO:0010556;GO:0010557;GO:0010562;GO:0010564;GO:0010604;GO:0010628;GO:0010638;GO:0010646;GO:0010647;GO:0010941;GO:0010948;GO:0010971;GO:0010972;GO:0012505;GO:0014013;GO:0014038;GO:0014070;GO:0014075;GO:0014706;GO:0014823;GO:0015630;GO:0016020;GO:0016043;GO:0016202;GO:0016301;GO:0016310;GO:0016477;GO:0016569;GO:0016570;GO:0016572;GO:0016579;GO:0016740;GO:0016772;GO:0016773;GO:0017145;GO:0018105;GO:0018107;GO:0018193;GO:0018209;GO:0018210;GO:0019219;GO:0019220;GO:0019222;GO:0019538;GO:0019899;GO:0019900;GO:0019901;GO:0019941;GO:0019953;GO:0021700;GO:0022008;GO:0022402;GO:0022406;GO:0022411;GO:0022412;GO:0022414;GO:0022607;GO:0023051;GO:0023052;GO:0023056;GO:0030030;GO:0030031;GO:0030154;GO:0030162;GO:0030163;GO:0030261;GO:0030330;GO:0030332;GO:0030397;GO:0030496;GO:0030544;GO:0030707;GO:0030727;GO:0030855;GO:0031023;GO:0031072;GO:0031099;GO:0031100;GO:0031145;GO:0031323;GO:0031325;GO:0031326;GO:0031328;GO:0031329;GO:0031331;GO:0031399;GO:0031401;GO:0031570;GO:0031571;GO:0031572;GO:0031974;GO:0031981;GO:0031984;GO:0032147;GO:0032268;GO:0032270;GO:0032386;GO:0032388;GO:0032434;GO:0032436;GO:0032501;GO:0032502;GO:0032504;GO:0032879;GO:0032880;GO:0032991;GO:0033036;GO:0033043;GO:0033157;GO:0033158;GO:0033160;GO:0033365;GO:0033554;GO:0033674;GO:0034501;GO:0034502;GO:0034599;GO:0034605;GO:0034613;GO:0034614;GO:0034641;GO:0034645;GO:0035051;GO:0035173;GO:0035282;GO:0035556;GO:0035690;GO:0036211;GO:0036445;GO:0040008;GO:0040011;GO:0040020;GO:0042127;GO:0042175;GO:0042176;GO:0042221;GO:0042306;GO:0042307;GO:0042325;GO:0042327;GO:0042493;GO:0042542;GO:0042692;GO:0042770;GO:0042981;GO:0043066;GO:0043067;GO:0043069;GO:0043085;GO:0043161;GO:0043170;GO:0043226;GO:0043227;GO:0043228;GO:0043229;GO:0043231;GO:0043232;GO:0043233;GO:0043405;GO:0043406;GO:0043408;GO:0043410;GO:0043412;GO:0043457;GO:0043467;GO:0043549;GO:0043632;GO:0043933;GO:0044085;GO:0044093;GO:0044237;GO:0044238;GO:0044248;GO:0044249;GO:0044257;GO:0044260;GO:0044265;GO:0044267;GO:0044422;GO:0044424;GO:0044425;GO:0044428;GO:0044430;GO:0044432;GO:0044444;GO:0044446;GO:0044464;GO:0044703;GO:0044770;GO:0044772;GO:0044773;GO:0044774;GO:0044782;GO:0044783;GO:0044818;GO:0044819;GO:0044839;GO:0044843;GO:0045165;GO:0045471;GO:0045595;GO:0045685;GO:0045732;GO:0045740;GO:0045786;GO:0045787;GO:0045836;GO:0045844;GO:0045859;GO:0045860;GO:0045862;GO:0045927;GO:0045930;GO:0045931;GO:0045935;GO:0045937;GO:0045981;GO:0045995;GO:0046483;GO:0046620;GO:0046622;GO:0046677;GO:0046686;GO:0046688;GO:0046822;GO:0046824;GO:0048103;GO:0048134;GO:0048135;GO:0048142;GO:0048232;GO:0048284;GO:0048285;GO:0048308;GO:0048313;GO:0048468;GO:0048469;GO:0048477;GO:0048513;GO:0048518;GO:0048519;GO:0048522;GO:0048523;GO:0048583;GO:0048584;GO:0048599;GO:0048609;GO:0048634;GO:0048636;GO:0048638;GO:0048639;GO:0048646;GO:0048678;GO:0048699;GO:0048731;GO:0048738;GO:0048856;GO:0048869;GO:0048870;GO:0050767;GO:0050789;GO:0050790;GO:0050793;GO:0050794;GO:0050896;GO:0051049;GO:0051050;GO:0051052;GO:0051054;GO:0051081;GO:0051094;GO:0051128;GO:0051130;GO:0051146;GO:0051171;GO:0051173;GO:0051174;GO:0051179;GO:0051222;GO:0051223;GO:0051239;GO:0051240;GO:0051246;GO:0051247;GO:0051276;GO:0051301;GO:0051321;GO:0051338;GO:0051347;GO:0051445;GO:0051446;GO:0051603;GO:0051640;GO:0051641;GO:0051674;GO:0051704;GO:0051716;GO:0051726;GO:0051783;GO:0051785;GO:0051960;GO:0055001;GO:0055002;GO:0055006;GO:0055007;GO:0055012;GO:0055013;GO:0055015;GO:0055021;GO:0055023;GO:0055024;GO:0055025;GO:0055057;GO:0055059;GO:0060043;GO:0060045;GO:0060255;GO:0060271;GO:0060284;GO:0060341;GO:0060420;GO:0060421;GO:0060429;GO:0060537;GO:0060548;GO:0061024;GO:0061061;GO:0061136;GO:0061351;GO:0061695;GO:0062012;GO:0062013;GO:0065003;GO:0065007;GO:0065009;GO:0070013;GO:0070201;GO:0070301;GO:0070646;GO:0070647;GO:0070727;GO:0070887;GO:0070925;GO:0071103;GO:0071156;GO:0071158;GO:0071236;GO:0071459;GO:0071695;GO:0071704;GO:0071840;GO:0071900;GO:0071902;GO:0072089;GO:0072331;GO:0072359;GO:0072395;GO:0072401;GO:0072413;GO:0072422;GO:0072431;GO:0072686;GO:0080090;GO:0090068;GO:0090087;GO:0090166;GO:0090304;GO:0090316;GO:0097125;GO:0097237;GO:0097305;GO:0097472;GO:0097711;GO:0098722;GO:0098827;GO:0099080;GO:0099081;GO:0099512;GO:0099513;GO:0120031;GO:0120036;GO:0140013;GO:0140056;GO:0140096;GO:1900180;GO:1900182;GO:1900542;GO:1900544;GO:1901360;GO:1901564;GO:1901565;GO:1901575;GO:1901576;GO:1901698;GO:1901700;GO:1901701;GO:1901800;GO:1901857;GO:1901861;GO:1901863;GO:1901987;GO:1901988;GO:1901989;GO:1901990;GO:1901991;GO:1901992;GO:1902400;GO:1902402;GO:1902403;GO:1902494;GO:1902531;GO:1902533;GO:1902554;GO:1902749;GO:1902750;GO:1902751;GO:1902806;GO:1902807;GO:1902911;GO:1903008;GO:1903046;GO:1903047;GO:1903050;GO:1903052;GO:1903362;GO:1903364;GO:1903578;GO:1903580;GO:1903827;GO:1903829;GO:1903862;GO:1904589;GO:1904591;GO:1904951;GO:1905446;GO:1905448;GO:1990234;GO:2000026;GO:2000045;GO:2000058;GO:2000060;GO:2000112;GO:2000134;GO:2000241;GO:2000243","K02087","Signal transduction mechanisms"
"30","Plampa20710",30.6391009915871,0.538705304854386,0.148313081595907,3.63221705771132,0.000280996604605224,0.0414640824338491,"-","-","-","-"
"31","Plampa2156",373.815452801718,-0.226149165392999,0.0542697397667523,-4.16713192959784,3.08455996134731e-05,0.0121340207031207,"-","-","K00889","Signal transduction mechanisms"
"32","Plampa2206",63.1602045778372,-0.366083800403841,0.102469816351314,-3.57260131265131,0.000353452669999833,0.0448925619042538,"-","-","K17935","Signal transduction mechanisms"
"33","Plampa22137",60.371564409985,-0.653216345807425,0.183968731191391,-3.55069223762735,0.000384219423649507,0.0460920725501393,"Beta-1,3-N-acetylglucosaminyltransferase radical fringe","GO:0000003;GO:0001654;GO:0001708;GO:0001745;GO:0002009;GO:0002165;GO:0003002;GO:0003006;GO:0003674;GO:0003824;GO:0005575;GO:0005576;GO:0005622;GO:0005623;GO:0005737;GO:0005783;GO:0005794;GO:0005795;GO:0005797;GO:0005975;GO:0005996;GO:0006004;GO:0006464;GO:0006486;GO:0006493;GO:0006807;GO:0007154;GO:0007165;GO:0007166;GO:0007219;GO:0007275;GO:0007276;GO:0007281;GO:0007292;GO:0007293;GO:0007389;GO:0007399;GO:0007417;GO:0007420;GO:0007423;GO:0007444;GO:0007447;GO:0007450;GO:0007451;GO:0007472;GO:0007476;GO:0007478;GO:0007480;GO:0007552;GO:0007560;GO:0008150;GO:0008152;GO:0008194;GO:0008375;GO:0008587;GO:0008593;GO:0009058;GO:0009059;GO:0009100;GO:0009101;GO:0009653;GO:0009791;GO:0009886;GO:0009887;GO:0009888;GO:0009953;GO:0009966;GO:0009967;GO:0009968;GO:0009987;GO:0010646;GO:0010647;GO:0010648;GO:0012505;GO:0016740;GO:0016757;GO:0016758;GO:0019318;GO:0019538;GO:0019827;GO:0019953;GO:0021546;GO:0021591;GO:0021592;GO:0021593;GO:0021594;GO:0021654;GO:0022412;GO:0022414;GO:0023051;GO:0023052;GO:0023056;GO:0023057;GO:0030154;GO:0030718;GO:0030902;GO:0031984;GO:0031985;GO:0032092;GO:0032501;GO:0032502;GO:0032504;GO:0033829;GO:0034645;GO:0035017;GO:0035107;GO:0035114;GO:0035120;GO:0035161;GO:0035218;GO:0035220;GO:0035222;GO:0035239;GO:0035282;GO:0035283;GO:0035284;GO:0035285;GO:0035295;GO:0036011;GO:0036065;GO:0036066;GO:0036099;GO:0036211;GO:0042335;GO:0043170;GO:0043226;GO:0043227;GO:0043229;GO:0043231;GO:0043393;GO:0043412;GO:0043413;GO:0044093;GO:0044237;GO:0044238;GO:0044249;GO:0044260;GO:0044267;GO:0044281;GO:0044422;GO:0044424;GO:0044431;GO:0044444;GO:0044446;GO:0044464;GO:0044703;GO:0045165;GO:0045746;GO:0045747;GO:0048190;GO:0048468;GO:0048477;GO:0048513;GO:0048518;GO:0048519;GO:0048522;GO:0048523;GO:0048563;GO:0048569;GO:0048583;GO:0048584;GO:0048585;GO:0048592;GO:0048609;GO:0048646;GO:0048707;GO:0048729;GO:0048731;GO:0048736;GO:0048737;GO:0048749;GO:0048856;GO:0048859;GO:0048869;GO:0050789;GO:0050794;GO:0050896;GO:0051098;GO:0051099;GO:0051704;GO:0051716;GO:0060322;GO:0060429;GO:0060562;GO:0065007;GO:0065009;GO:0070085;GO:0071704;GO:0090596;GO:0098727;GO:0098791;GO:1901135;GO:1901137;GO:1901564;GO:1901566;GO:1901576","-","Carbohydrate transport and metabolism"
"34","Plampa2243",193.921771565007,-0.938756304475016,0.230905755092475,-4.06553879135258,4.79216223002023e-05,0.0142746605091964,"-","-","-","-"
"35","Plampa2352",1003.09443162142,-0.168795066105848,0.0393738984387452,-4.28697875493448,1.81119607617709e-05,0.0108496202504338,"histone H3-K23 acetylation","GO:0000123;GO:0000902;GO:0000904;GO:0001568;GO:0001570;GO:0001838;GO:0001841;GO:0001944;GO:0002009;GO:0002576;GO:0003674;GO:0005488;GO:0005515;GO:0005575;GO:0005576;GO:0005622;GO:0005623;GO:0005634;GO:0005654;GO:0005737;GO:0005829;GO:0005886;GO:0006325;GO:0006355;GO:0006464;GO:0006473;GO:0006475;GO:0006807;GO:0006810;GO:0006887;GO:0006928;GO:0006935;GO:0006996;GO:0007275;GO:0007399;GO:0007409;GO:0007411;GO:0008150;GO:0008152;GO:0008283;GO:0009605;GO:0009653;GO:0009790;GO:0009792;GO:0009888;GO:0009889;GO:0009891;GO:0009893;GO:0009966;GO:0009987;GO:0010468;GO:0010556;GO:0010557;GO:0010604;GO:0010628;GO:0010646;GO:0016020;GO:0016043;GO:0016192;GO:0016331;GO:0016569;GO:0016570;GO:0016573;GO:0016604;GO:0016607;GO:0018193;GO:0018205;GO:0018393;GO:0018394;GO:0019219;GO:0019222;GO:0019538;GO:0021915;GO:0022008;GO:0023051;GO:0030030;GO:0030154;GO:0030182;GO:0031175;GO:0031248;GO:0031323;GO:0031325;GO:0031326;GO:0031328;GO:0031974;GO:0031981;GO:0032501;GO:0032502;GO:0032940;GO:0032989;GO:0032990;GO:0032991;GO:0033563;GO:0035148;GO:0035239;GO:0035295;GO:0035726;GO:0036211;GO:0040011;GO:0042127;GO:0042221;GO:0042330;GO:0042393;GO:0043009;GO:0043170;GO:0043226;GO:0043227;GO:0043229;GO:0043231;GO:0043233;GO:0043412;GO:0043543;GO:0043966;GO:0043972;GO:0044237;GO:0044238;GO:0044260;GO:0044267;GO:0044422;GO:0044424;GO:0044428;GO:0044444;GO:0044446;GO:0044451;GO:0044464;GO:0045055;GO:0045893;GO:0045935;GO:0046903;GO:0048145;GO:0048468;GO:0048514;GO:0048518;GO:0048522;GO:0048583;GO:0048598;GO:0048646;GO:0048666;GO:0048667;GO:0048699;GO:0048729;GO:0048731;GO:0048812;GO:0048856;GO:0048858;GO:0048869;GO:0050789;GO:0050794;GO:0050896;GO:0051171;GO:0051173;GO:0051179;GO:0051234;GO:0051252;GO:0051254;GO:0051276;GO:0051726;GO:0060255;GO:0060429;GO:0060562;GO:0061564;GO:0065007;GO:0070013;GO:0070775;GO:0070776;GO:0071704;GO:0071840;GO:0071944;GO:0072175;GO:0072358;GO:0072359;GO:0080090;GO:0097485;GO:0120036;GO:0120039;GO:1901564;GO:1901796;GO:1902493;GO:1902494;GO:1902531;GO:1902680;GO:1903506;GO:1903508;GO:1990234;GO:2000112;GO:2001141","K24047","Cell wall/membrane/envelope biogenesis"
"36","Plampa2434",352.178311898747,-0.242526760575355,0.0671997507071765,-3.60904256374652,0.00030732918665302,0.0428529584325649,"lipid catabolic process","-","K16343","Lipid transport and metabolism"
"37","Plampa2538",72.9579127680218,-0.578498665785939,0.128597852899206,-4.49850952207859,6.84315320323281e-06,0.00709697197658909,"histone pre-mRNA stem-loop binding","GO:0000070;GO:0000278;GO:0000280;GO:0000819;GO:0003674;GO:0003676;GO:0003723;GO:0003729;GO:0003730;GO:0005488;GO:0005515;GO:0005575;GO:0005622;GO:0005623;GO:0005634;GO:0005654;GO:0005730;GO:0005737;GO:0005829;GO:0006139;GO:0006259;GO:0006260;GO:0006261;GO:0006323;GO:0006351;GO:0006353;GO:0006366;GO:0006369;GO:0006396;GO:0006397;GO:0006398;GO:0006403;GO:0006405;GO:0006406;GO:0006611;GO:0006725;GO:0006807;GO:0006810;GO:0006886;GO:0006913;GO:0006915;GO:0006996;GO:0007049;GO:0007059;GO:0007076;GO:0007275;GO:0008104;GO:0008150;GO:0008152;GO:0008219;GO:0008334;GO:0009058;GO:0009059;GO:0009790;GO:0009792;GO:0009987;GO:0010467;GO:0012501;GO:0015031;GO:0015833;GO:0015931;GO:0016043;GO:0016070;GO:0016071;GO:0018130;GO:0019438;GO:0022402;GO:0030261;GO:0031123;GO:0031124;GO:0031503;GO:0031974;GO:0031981;GO:0032501;GO:0032502;GO:0032774;GO:0032991;GO:0033036;GO:0033260;GO:0034613;GO:0034641;GO:0034645;GO:0034654;GO:0035613;GO:0036002;GO:0042886;GO:0043170;GO:0043226;GO:0043227;GO:0043228;GO:0043229;GO:0043231;GO:0043232;GO:0043233;GO:0044237;GO:0044238;GO:0044249;GO:0044260;GO:0044271;GO:0044422;GO:0044424;GO:0044428;GO:0044444;GO:0044446;GO:0044464;GO:0044770;GO:0044786;GO:0045184;GO:0046483;GO:0046907;GO:0048285;GO:0048856;GO:0050657;GO:0050658;GO:0051028;GO:0051168;GO:0051169;GO:0051179;GO:0051234;GO:0051236;GO:0051276;GO:0051641;GO:0051649;GO:0070013;GO:0070727;GO:0071103;GO:0071166;GO:0071204;GO:0071207;GO:0071208;GO:0071426;GO:0071427;GO:0071702;GO:0071704;GO:0071705;GO:0071840;GO:0090304;GO:0097159;GO:0097659;GO:0098813;GO:0140014;GO:1901360;GO:1901362;GO:1901363;GO:1901576;GO:1903047;GO:1990904","K18710",""
"38","Plampa2755",534.038007180287,-0.482081557856665,0.0945428415591624,-5.09908047935063,3.41307424174987e-07,0.000778727018997651,"-","-","K03006","-"
"39","Plampa2845",809.12913212554,-0.498975428351687,0.137467335707763,-3.62977448993731,0.000283668937014922,0.0414640824338491,"-","-","K16506","-"
"40","Plampa2848",244.578215877574,-0.342412600168168,0.0840235715873308,-4.07519692033418,4.59754254528702e-05,0.0142746605091964,"Kinesin motor, catalytic domain. ATPase.","GO:0000003;GO:0000226;GO:0003674;GO:0003774;GO:0003777;GO:0003824;GO:0005575;GO:0005622;GO:0005623;GO:0005856;GO:0005871;GO:0005875;GO:0005929;GO:0006928;GO:0006996;GO:0007010;GO:0007017;GO:0007018;GO:0007019;GO:0007610;GO:0008150;GO:0008574;GO:0009987;GO:0010938;GO:0015630;GO:0016043;GO:0016462;GO:0016787;GO:0016817;GO:0016818;GO:0016887;GO:0017111;GO:0018991;GO:0019098;GO:0022411;GO:0022414;GO:0030030;GO:0031109;GO:0031122;GO:0032501;GO:0032504;GO:0032984;GO:0032991;GO:0042623;GO:0042995;GO:0043226;GO:0043228;GO:0043229;GO:0043232;GO:0043624;GO:0043933;GO:0044422;GO:0044424;GO:0044430;GO:0044446;GO:0044464;GO:0044782;GO:0048609;GO:0051261;GO:0060404;GO:0061523;GO:0070462;GO:0071840;GO:0097435;GO:0120025;GO:0120036;GO:1903008;GO:1990939","K16746","Cytoskeleton"
"41","Plampa2852",593.462511470928,-0.27629965186109,0.0706653595645348,-3.90997305559255,9.23064169774671e-05,0.0235169040203521,"-","-","-","-"
"42","Plampa2911",929.466018752945,-0.157830077655781,0.0392579821627093,-4.02033087186285,5.8116459713903e-05,0.0165748143104051,"response to biotic stimulus","GO:0005575;GO:0005622;GO:0005623;GO:0005737;GO:0005794;GO:0012505;GO:0043226;GO:0043227;GO:0043229;GO:0043231;GO:0044424;GO:0044444;GO:0044464","-","-"
"43","Plampa298",3044.55803939975,-0.255607990456787,0.0658894822537935,-3.87934434622258,0.000104738397665454,0.0249625168116452,"actin filament severing","-","K08017","Cytoskeleton"
"44","Plampa3",582.312609599823,-0.38565702285962,0.0949394987205958,-4.06213460210694,4.86260242552351e-05,0.0142746605091964,"-","-","K23285","-"
"45","Plampa3124",313.189084300845,-0.526692158183307,0.146114138792523,-3.60466250929483,0.000312558824719598,0.0428529584325649,"-","-","-",""
"46","Plampa31705",101.542831748997,-4.17731824420748,0.843772584740314,-4.95076317926723,7.39230149636266e-07,0.00140552292450842,"-","-","-","-"
"47","Plampa3274",268.629938391758,-0.537313181872809,0.111362729836673,-4.82489233750685,1.40078914898665e-06,0.00228288608737711,"-","-","K16667","-"
"48","Plampa3335",271.615304374933,-0.449285463382835,0.123227568073721,-3.64598174260851,0.000266372888521666,0.0414640824338491,"-","-","-","-"
"49","Plampa338",268.496807277861,-0.398382448931376,0.0922180094906309,-4.320007026088,1.56024233027422e-05,0.0104701438257461,"-","GO:0000003;GO:0000079;GO:0000082;GO:0000086;GO:0000212;GO:0000226;GO:0000278;GO:0000280;GO:0000922;GO:0001556;GO:0001932;GO:0001934;GO:0002009;GO:0002165;GO:0003006;GO:0003674;GO:0003824;GO:0004721;GO:0004725;GO:0005488;GO:0005515;GO:0005575;GO:0005622;GO:0005623;GO:0005634;GO:0005654;GO:0005694;GO:0005737;GO:0005813;GO:0005815;GO:0005819;GO:0005829;GO:0005856;GO:0006464;GO:0006468;GO:0006470;GO:0006508;GO:0006793;GO:0006796;GO:0006807;GO:0006996;GO:0007010;GO:0007017;GO:0007030;GO:0007049;GO:0007051;GO:0007098;GO:0007099;GO:0007127;GO:0007143;GO:0007144;GO:0007275;GO:0007276;GO:0007281;GO:0007292;GO:0007346;GO:0007369;GO:0007399;GO:0007422;GO:0007424;GO:0007444;GO:0007488;GO:0007498;GO:0007552;GO:0007560;GO:0008138;GO:0008150;GO:0008152;GO:0008283;GO:0008284;GO:0008361;GO:0009314;GO:0009411;GO:0009416;GO:0009628;GO:0009653;GO:0009790;GO:0009791;GO:0009794;GO:0009886;GO:0009887;GO:0009888;GO:0009893;GO:0009987;GO:0009994;GO:0010256;GO:0010562;GO:0010564;GO:0010604;GO:0015630;GO:0016043;GO:0016310;GO:0016311;GO:0016579;GO:0016787;GO:0016788;GO:0016791;GO:0019220;GO:0019222;GO:0019538;GO:0019899;GO:0019900;GO:0019901;GO:0019953;GO:0021700;GO:0022402;GO:0022412;GO:0022414;GO:0022607;GO:0030154;GO:0031023;GO:0031323;GO:0031325;GO:0031399;GO:0031401;GO:0031974;GO:0031981;GO:0032268;GO:0032270;GO:0032465;GO:0032467;GO:0032501;GO:0032502;GO:0032504;GO:0032535;GO:0033674;GO:0034644;GO:0035239;GO:0035295;GO:0035335;GO:0036211;GO:0040019;GO:0042127;GO:0042325;GO:0042327;GO:0042578;GO:0043085;GO:0043170;GO:0043226;GO:0043227;GO:0043228;GO:0043229;GO:0043231;GO:0043232;GO:0043233;GO:0043412;GO:0043549;GO:0044085;GO:0044093;GO:0044237;GO:0044238;GO:0044260;GO:0044267;GO:0044422;GO:0044424;GO:0044428;GO:0044430;GO:0044444;GO:0044446;GO:0044464;GO:0044703;GO:0044770;GO:0044772;GO:0044839;GO:0044843;GO:0045786;GO:0045787;GO:0045792;GO:0045859;GO:0045860;GO:0045930;GO:0045931;GO:0045937;GO:0045977;GO:0045995;GO:0048285;GO:0048468;GO:0048469;GO:0048477;GO:0048513;GO:0048518;GO:0048519;GO:0048522;GO:0048523;GO:0048563;GO:0048569;GO:0048598;GO:0048599;GO:0048609;GO:0048707;GO:0048729;GO:0048731;GO:0048856;GO:0048869;GO:0050789;GO:0050790;GO:0050793;GO:0050794;GO:0050896;GO:0051087;GO:0051094;GO:0051171;GO:0051173;GO:0051174;GO:0051239;GO:0051240;GO:0051246;GO:0051247;GO:0051298;GO:0051302;GO:0051321;GO:0051338;GO:0051347;GO:0051704;GO:0051716;GO:0051726;GO:0051781;GO:0060255;GO:0060305;GO:0060429;GO:0060541;GO:0060562;GO:0061982;GO:0065007;GO:0065008;GO:0065009;GO:0070013;GO:0070646;GO:0070647;GO:0070925;GO:0071214;GO:0071478;GO:0071482;GO:0071695;GO:0071704;GO:0071840;GO:0071900;GO:0080090;GO:0090066;GO:0090068;GO:0098534;GO:0104004;GO:0140013;GO:0140096;GO:1901564;GO:1903046;GO:1903047;GO:1904029;GO:2000026","K05866","Cell cycle control, cell division, chromosome partitioning"
"50","Plampa3596",233.77420144974,-0.359035623448828,0.0918537132753713,-3.90877636457073,9.27647861952878e-05,0.0235169040203521,"post-Golgi vesicle-mediated transport","GO:0003674;GO:0005085;GO:0005488;GO:0005515;GO:0005575;GO:0005622;GO:0005623;GO:0005737;GO:0005829;GO:0006810;GO:0006892;GO:0008150;GO:0008270;GO:0009987;GO:0016020;GO:0016043;GO:0016192;GO:0019899;GO:0043167;GO:0043169;GO:0044424;GO:0044444;GO:0044464;GO:0046872;GO:0046914;GO:0048193;GO:0051020;GO:0051179;GO:0051234;GO:0061024;GO:0061025;GO:0065007;GO:0065009;GO:0071840;GO:0098772","K00653",""
"51","Plampa3694",629.559602111914,0.286421349341484,0.0767532302856248,3.73171719646995,0.000190178936566331,0.0352954561571987,"5-methyltetrahydrofolate--homocysteine methyltransferase","GO:0000096;GO:0000097;GO:0000302;GO:0001101;GO:0003674;GO:0003824;GO:0005488;GO:0005542;GO:0005575;GO:0005622;GO:0005623;GO:0005737;GO:0005829;GO:0006082;GO:0006464;GO:0006479;GO:0006520;GO:0006555;GO:0006575;GO:0006725;GO:0006732;GO:0006760;GO:0006766;GO:0006767;GO:0006790;GO:0006807;GO:0006950;GO:0006979;GO:0007154;GO:0007275;GO:0007399;GO:0007584;GO:0008144;GO:0008150;GO:0008152;GO:0008168;GO:0008172;GO:0008213;GO:0008652;GO:0008705;GO:0009058;GO:0009066;GO:0009067;GO:0009086;GO:0009235;GO:0009605;GO:0009611;GO:0009719;GO:0009987;GO:0009991;GO:0010033;GO:0010035;GO:0010243;GO:0016043;GO:0016053;GO:0016597;GO:0016740;GO:0016741;GO:0017144;GO:0019538;GO:0019752;GO:0019842;GO:0022008;GO:0030030;GO:0030154;GO:0030182;GO:0031099;GO:0031102;GO:0031103;GO:0031175;GO:0031406;GO:0031419;GO:0031667;GO:0031668;GO:0031669;GO:0031670;GO:0032259;GO:0032501;GO:0032502;GO:0033013;GO:0033218;GO:0033554;GO:0034599;GO:0034614;GO:0034641;GO:0035690;GO:0036094;GO:0036211;GO:0042084;GO:0042221;GO:0042493;GO:0042558;GO:0043167;GO:0043168;GO:0043170;GO:0043177;GO:0043200;GO:0043412;GO:0043414;GO:0043436;GO:0043603;GO:0044237;GO:0044238;GO:0044249;GO:0044260;GO:0044267;GO:0044272;GO:0044281;GO:0044283;GO:0044424;GO:0044444;GO:0044464;GO:0046394;GO:0046483;GO:0046653;GO:0046906;GO:0048037;GO:0048468;GO:0048666;GO:0048678;GO:0048699;GO:0048731;GO:0048856;GO:0048869;GO:0050667;GO:0050896;GO:0051186;GO:0051716;GO:0061431;GO:0061564;GO:0070887;GO:0071229;GO:0071230;GO:0071241;GO:0071310;GO:0071417;GO:0071495;GO:0071496;GO:0071704;GO:0071731;GO:0071732;GO:0071840;GO:0072341;GO:0097159;GO:0097366;GO:0120036;GO:1901360;GO:1901363;GO:1901564;GO:1901566;GO:1901576;GO:1901605;GO:1901607;GO:1901698;GO:1901699;GO:1901700;GO:1901701;GO:1902170;GO:1904640","K00548","Amino acid transport and metabolism"
"52","Plampa379",112.722648918882,-0.408567194233166,0.105337088939444,-3.87866418510997,0.000105031627538479,0.0249625168116452,"-","-","K15519","Energy production and conversion"
"53","Plampa3863",282.549168465714,-0.253493556276953,0.0678639060690406,-3.73532222001876,0.000187474984232396,0.0352954561571987,"-","-","K08733","-"
"54","Plampa3923",396.92666052306,-0.42587977064933,0.110541005420266,-3.85268587914665,0.000116829226628111,0.0266557563474699,"DNA helicase activity. It is involved in the biological process described with DNA replication initiation","GO:0000082;GO:0000228;GO:0000278;GO:0000785;GO:0000793;GO:0000808;GO:0003674;GO:0003676;GO:0003677;GO:0003688;GO:0003690;GO:0005488;GO:0005515;GO:0005575;GO:0005622;GO:0005623;GO:0005634;GO:0005654;GO:0005664;GO:0005694;GO:0005737;GO:0005856;GO:0006139;GO:0006259;GO:0006260;GO:0006261;GO:0006268;GO:0006270;GO:0006275;GO:0006323;GO:0006325;GO:0006333;GO:0006334;GO:0006725;GO:0006807;GO:0006915;GO:0006996;GO:0007049;GO:0007275;GO:0007423;GO:0008150;GO:0008152;GO:0008219;GO:0009058;GO:0009059;GO:0009889;GO:0009987;GO:0010033;GO:0010556;GO:0012501;GO:0015630;GO:0016043;GO:0019219;GO:0019222;GO:0019899;GO:0022402;GO:0022607;GO:0030174;GO:0030261;GO:0031323;GO:0031326;GO:0031497;GO:0031974;GO:0031981;GO:0032392;GO:0032501;GO:0032502;GO:0032508;GO:0032991;GO:0034097;GO:0034622;GO:0034641;GO:0034645;GO:0034728;GO:0042221;GO:0042393;GO:0042555;GO:0043170;GO:0043226;GO:0043227;GO:0043228;GO:0043229;GO:0043231;GO:0043232;GO:0043233;GO:0043565;GO:0043583;GO:0043933;GO:0044085;GO:0044237;GO:0044238;GO:0044249;GO:0044260;GO:0044422;GO:0044424;GO:0044427;GO:0044428;GO:0044446;GO:0044454;GO:0044464;GO:0044770;GO:0044772;GO:0044843;GO:0045120;GO:0046483;GO:0048513;GO:0048731;GO:0048839;GO:0048856;GO:0050789;GO:0050794;GO:0050896;GO:0051052;GO:0051171;GO:0051276;GO:0051716;GO:0060255;GO:0065003;GO:0065004;GO:0065007;GO:0070013;GO:0070670;GO:0070887;GO:0071103;GO:0071310;GO:0071345;GO:0071353;GO:0071704;GO:0071824;GO:0071840;GO:0080090;GO:0090102;GO:0090304;GO:0090329;GO:0097159;GO:1901360;GO:1901363;GO:1901576;GO:1903047;GO:1990837;GO:2000112","K01365","Replication, recombination and repair"
"55","Plampa4138",216.469738906897,-0.35902845477066,0.0796910870966714,-4.50525231680088,6.62941235667345e-06,0.00709697197658909,"renal phosphate ion absorption","GO:0000902;GO:0000904;GO:0001664;GO:0001726;GO:0001738;GO:0001932;GO:0001933;GO:0002009;GO:0002028;GO:0002064;GO:0002065;GO:0002066;GO:0002093;GO:0003008;GO:0003014;GO:0003096;GO:0003674;GO:0005102;GO:0005198;GO:0005488;GO:0005515;GO:0005575;GO:0005622;GO:0005623;GO:0005634;GO:0005737;GO:0005856;GO:0005886;GO:0005902;GO:0005903;GO:0005929;GO:0006810;GO:0006811;GO:0006812;GO:0006814;GO:0006820;GO:0006857;GO:0006873;GO:0006996;GO:0007010;GO:0007097;GO:0007154;GO:0007163;GO:0007165;GO:0007186;GO:0007187;GO:0007188;GO:0007189;GO:0007191;GO:0007200;GO:0007212;GO:0007275;GO:0007346;GO:0007399;GO:0007423;GO:0007600;GO:0007605;GO:0008013;GO:0008022;GO:0008092;GO:0008104;GO:0008150;GO:0008285;GO:0008360;GO:0008361;GO:0008544;GO:0009653;GO:0009790;GO:0009887;GO:0009888;GO:0009892;GO:0009913;GO:0009966;GO:0009967;GO:0009968;GO:0009987;GO:0010155;GO:0010563;GO:0010605;GO:0010640;GO:0010642;GO:0010646;GO:0010647;GO:0010648;GO:0010766;GO:0010941;GO:0010942;GO:0010959;GO:0012505;GO:0014066;GO:0014067;GO:0015629;GO:0015672;GO:0015711;GO:0015718;GO:0015833;GO:0015849;GO:0016020;GO:0016043;GO:0016247;GO:0016324;GO:0017022;GO:0017081;GO:0019220;GO:0019222;GO:0019725;GO:0019899;GO:0019902;GO:0019904;GO:0019932;GO:0019933;GO:0019935;GO:0022008;GO:0022603;GO:0022604;GO:0022607;GO:0022612;GO:0022898;GO:0023051;GO:0023052;GO:0023056;GO:0023057;GO:0030001;GO:0030002;GO:0030010;GO:0030029;GO:0030030;GO:0030031;GO:0030033;GO:0030036;GO:0030111;GO:0030154;GO:0030165;GO:0030175;GO:0030178;GO:0030182;GO:0030320;GO:0030334;GO:0030336;GO:0030643;GO:0030855;GO:0030859;GO:0031175;GO:0031252;GO:0031253;GO:0031323;GO:0031324;GO:0031399;GO:0031400;GO:0031514;GO:0031526;GO:0031528;GO:0031690;GO:0031698;GO:0032268;GO:0032269;GO:0032409;GO:0032410;GO:0032412;GO:0032413;GO:0032415;GO:0032416;GO:0032420;GO:0032421;GO:0032426;GO:0032501;GO:0032502;GO:0032528;GO:0032535;GO:0032782;GO:0032879;GO:0032947;GO:0032989;GO:0032991;GO:0033036;GO:0034613;GO:0034635;GO:0034762;GO:0034763;GO:0034765;GO:0034766;GO:0035088;GO:0035089;GO:0035315;GO:0035556;GO:0036126;GO:0040012;GO:0040013;GO:0042127;GO:0042325;GO:0042326;GO:0042391;GO:0042471;GO:0042472;GO:0042490;GO:0042491;GO:0042592;GO:0042886;GO:0042939;GO:0042981;GO:0042995;GO:0043005;GO:0043065;GO:0043067;GO:0043068;GO:0043226;GO:0043227;GO:0043228;GO:0043229;GO:0043231;GO:0043232;GO:0043269;GO:0043271;GO:0043408;GO:0043409;GO:0043549;GO:0043583;GO:0043621;GO:0043933;GO:0044057;GO:0044062;GO:0044085;GO:0044092;GO:0044422;GO:0044424;GO:0044425;GO:0044441;GO:0044444;GO:0044459;GO:0044463;GO:0044464;GO:0044877;GO:0045121;GO:0045159;GO:0045177;GO:0045197;GO:0045198;GO:0045786;GO:0045838;GO:0045859;GO:0045930;GO:0045936;GO:0046717;GO:0046903;GO:0046907;GO:0046942;GO:0048468;GO:0048471;GO:0048513;GO:0048518;GO:0048519;GO:0048522;GO:0048523;GO:0048562;GO:0048568;GO:0048583;GO:0048584;GO:0048585;GO:0048598;GO:0048666;GO:0048667;GO:0048699;GO:0048729;GO:0048731;GO:0048732;GO:0048839;GO:0048856;GO:0048869;GO:0048878;GO:0050750;GO:0050780;GO:0050789;GO:0050790;GO:0050793;GO:0050794;GO:0050801;GO:0050877;GO:0050896;GO:0050954;GO:0051046;GO:0051049;GO:0051051;GO:0051128;GO:0051171;GO:0051172;GO:0051174;GO:0051179;GO:0051181;GO:0051234;GO:0051239;GO:0051246;GO:0051248;GO:0051270;GO:0051271;GO:0051338;GO:0051640;GO:0051641;GO:0051645;GO:0051647;GO:0051649;GO:0051656;GO:0051683;GO:0051716;GO:0051726;GO:0051896;GO:0051898;GO:0055062;GO:0055081;GO:0055082;GO:0055083;GO:0060088;GO:0060113;GO:0060117;GO:0060119;GO:0060122;GO:0060158;GO:0060255;GO:0060429;GO:0060563;GO:0060828;GO:0061162;GO:0061245;GO:0061339;GO:0065003;GO:0065007;GO:0065008;GO:0065009;GO:0070293;GO:0070325;GO:0070372;GO:0070373;GO:0070727;GO:0070851;GO:0071702;GO:0071705;GO:0071840;GO:0071944;GO:0072337;GO:0072348;GO:0072501;GO:0072502;GO:0072505;GO:0072506;GO:0072657;GO:0072659;GO:0080090;GO:0090066;GO:0090090;GO:0090162;GO:0090596;GO:0097223;GO:0097225;GO:0097291;GO:0097458;GO:0097729;GO:0098589;GO:0098590;GO:0098771;GO:0098772;GO:0098805;GO:0098857;GO:0098858;GO:0098862;GO:0120025;GO:0120031;GO:0120036;GO:0120038;GO:1902305;GO:1902306;GO:1902531;GO:1902532;GO:1902533;GO:1904062;GO:1904063;GO:1990778;GO:2000145;GO:2000146;GO:2000649;GO:2000650;GO:2001233;GO:2001235;GO:2001242;GO:2001244","K13358","-"
"56","Plampa42232",255.627303541327,-0.870597361678723,0.157803302898233,-5.51697807136628,3.44878447890311e-08,9.83593333383166e-05,"-","-","-","-"
"57","Plampa4328",250.758329426825,-0.241367883265364,0.0676486528737572,-3.56796289374444,0.000359767437032517,0.045101394743593,"outer dynein arm assembly","GO:0000226;GO:0001578;GO:0003341;GO:0005575;GO:0005622;GO:0005623;GO:0005737;GO:0005856;GO:0005858;GO:0005875;GO:0005929;GO:0005930;GO:0006928;GO:0006996;GO:0007010;GO:0007017;GO:0007018;GO:0008150;GO:0009987;GO:0015630;GO:0016043;GO:0022607;GO:0030030;GO:0030031;GO:0030286;GO:0032838;GO:0032991;GO:0034622;GO:0035082;GO:0036157;GO:0036158;GO:0042995;GO:0043226;GO:0043228;GO:0043229;GO:0043232;GO:0043933;GO:0044085;GO:0044422;GO:0044424;GO:0044430;GO:0044441;GO:0044444;GO:0044446;GO:0044447;GO:0044463;GO:0044464;GO:0044782;GO:0060271;GO:0065003;GO:0070286;GO:0070925;GO:0071840;GO:0097014;GO:0099568;GO:0120025;GO:0120031;GO:0120036;GO:0120038;GO:1902494","K23732","-"
"58","Plampa455",635.133944485364,-0.568850683796094,0.149552362525369,-3.80368905037926,0.00014255710645188,0.0306391799633377,"-","-","K20994","-"
"59","Plampa4563",253.141492270088,-0.310522289066077,0.0856072094396674,-3.62729133560791,0.000286410069529638,0.0414640824338491,"-","GO:0000922;GO:0005575;GO:0005622;GO:0005623;GO:0005634;GO:0005737;GO:0005739;GO:0005740;GO:0005741;GO:0005819;GO:0005856;GO:0006873;GO:0006874;GO:0006875;GO:0008150;GO:0009987;GO:0015630;GO:0016020;GO:0019725;GO:0019867;GO:0030003;GO:0031090;GO:0031966;GO:0031967;GO:0031968;GO:0031975;GO:0042592;GO:0043226;GO:0043227;GO:0043228;GO:0043229;GO:0043231;GO:0043232;GO:0044422;GO:0044424;GO:0044429;GO:0044430;GO:0044444;GO:0044446;GO:0044464;GO:0048878;GO:0050801;GO:0055065;GO:0055074;GO:0055080;GO:0055082;GO:0065007;GO:0065008;GO:0072503;GO:0072507;GO:0098588;GO:0098771;GO:0098805","K23293","-"
"60","Plampa4588",54.1293595616028,-0.441293876464005,0.116147489558659,-3.79942673010709,0.000145031181453387,0.0306391799633377,"-","-","-","-"
"61","Plampa4624",66.1378655144562,2.04615940431609,0.572821246529253,3.57207316717711,0.000354166424560207,0.0448925619042538,"-","-","K08770","Posttranslational modification, protein turnover, chaperones"
"62","Plampa4649",329.434767487673,-0.257155547070831,0.0722413719083292,-3.55967142203707,0.000371319090188826,0.0458097803089024,"BRCA1 associated protein","GO:0000151;GO:0000165;GO:0003674;GO:0003824;GO:0004842;GO:0005048;GO:0005488;GO:0005515;GO:0005575;GO:0005622;GO:0005623;GO:0005634;GO:0005635;GO:0005737;GO:0005829;GO:0006464;GO:0006468;GO:0006793;GO:0006796;GO:0006807;GO:0007154;GO:0007165;GO:0007264;GO:0007265;GO:0008139;GO:0008150;GO:0008152;GO:0008270;GO:0009966;GO:0009968;GO:0009987;GO:0010646;GO:0010648;GO:0012505;GO:0016020;GO:0016310;GO:0016567;GO:0016740;GO:0019538;GO:0019787;GO:0023014;GO:0023051;GO:0023052;GO:0023057;GO:0031090;GO:0031965;GO:0031967;GO:0031975;GO:0032446;GO:0032991;GO:0033218;GO:0035556;GO:0036211;GO:0042277;GO:0042802;GO:0043167;GO:0043169;GO:0043170;GO:0043226;GO:0043227;GO:0043229;GO:0043231;GO:0043412;GO:0044237;GO:0044238;GO:0044260;GO:0044267;GO:0044422;GO:0044424;GO:0044428;GO:0044444;GO:0044446;GO:0044464;GO:0046872;GO:0046914;GO:0048519;GO:0048523;GO:0048583;GO:0048585;GO:0050789;GO:0050794;GO:0050896;GO:0051716;GO:0061630;GO:0061659;GO:0065007;GO:0070647;GO:0071704;GO:0140096;GO:1901564;GO:1902494;GO:1990234","K10632","Posttranslational modification, protein turnover, chaperones"
"63","Plampa46910",356.7975188357,0.183763576962451,0.0510142832354386,3.60219854730398,0.00031553721145998,0.0428529584325649,"-","GO:0000151;GO:0000209;GO:0003674;GO:0003824;GO:0004842;GO:0005575;GO:0005622;GO:0005623;GO:0005634;GO:0005737;GO:0006464;GO:0006508;GO:0006511;GO:0006807;GO:0006950;GO:0008150;GO:0008152;GO:0009056;GO:0009057;GO:0009987;GO:0010033;GO:0010243;GO:0010498;GO:0016567;GO:0016740;GO:0019538;GO:0019787;GO:0019941;GO:0030163;GO:0030433;GO:0032446;GO:0032991;GO:0033554;GO:0034450;GO:0034976;GO:0036211;GO:0036503;GO:0042221;GO:0043161;GO:0043170;GO:0043226;GO:0043227;GO:0043229;GO:0043231;GO:0043412;GO:0043632;GO:0044237;GO:0044238;GO:0044248;GO:0044257;GO:0044260;GO:0044265;GO:0044267;GO:0044424;GO:0044464;GO:0050896;GO:0051603;GO:0051716;GO:0061630;GO:0061659;GO:0070647;GO:0071704;GO:0140096;GO:1901564;GO:1901565;GO:1901575;GO:1901698;GO:1902494;GO:1990234","K10596","Posttranslational modification, protein turnover, chaperones"
"64","Plampa4721",273.864476458911,0.469674337087884,0.110398747934227,4.25434478086386,2.09662037026146e-05,0.0108496202504338,"-","-","K10842","-"
"65","Plampa4872",136.126562886985,-0.429141850419532,0.122359888806926,-3.50721020265621,0.000452831288175215,0.0491990412905034,"nucleoside diphosphate kinase activity","GO:0000003;GO:0000302;GO:0003006;GO:0003674;GO:0003824;GO:0004550;GO:0005488;GO:0005515;GO:0005575;GO:0005622;GO:0005623;GO:0005737;GO:0005856;GO:0005858;GO:0005875;GO:0005929;GO:0005930;GO:0006139;GO:0006165;GO:0006725;GO:0006753;GO:0006793;GO:0006796;GO:0006807;GO:0006928;GO:0006950;GO:0006979;GO:0006996;GO:0007276;GO:0007281;GO:0007283;GO:0007286;GO:0008017;GO:0008092;GO:0008150;GO:0008152;GO:0009117;GO:0009132;GO:0009987;GO:0015630;GO:0015631;GO:0016043;GO:0016301;GO:0016310;GO:0016740;GO:0016772;GO:0016776;GO:0019205;GO:0019637;GO:0019953;GO:0022412;GO:0022414;GO:0022607;GO:0030030;GO:0030031;GO:0030154;GO:0030286;GO:0030317;GO:0031514;GO:0031982;GO:0032501;GO:0032502;GO:0032504;GO:0032838;GO:0032991;GO:0033554;GO:0034599;GO:0034614;GO:0034641;GO:0035686;GO:0036126;GO:0036157;GO:0040011;GO:0042221;GO:0042995;GO:0043226;GO:0043227;GO:0043228;GO:0043229;GO:0043232;GO:0044085;GO:0044237;GO:0044238;GO:0044281;GO:0044422;GO:0044424;GO:0044430;GO:0044441;GO:0044444;GO:0044446;GO:0044447;GO:0044463;GO:0044464;GO:0044703;GO:0044782;GO:0046483;GO:0046939;GO:0048232;GO:0048468;GO:0048515;GO:0048609;GO:0048856;GO:0048869;GO:0048870;GO:0050896;GO:0051179;GO:0051674;GO:0051704;GO:0051716;GO:0055086;GO:0060271;GO:0070887;GO:0070925;GO:0071704;GO:0071840;GO:0097014;GO:0097223;GO:0097228;GO:0097598;GO:0097708;GO:0097722;GO:0097729;GO:0099568;GO:0120025;GO:0120031;GO:0120036;GO:0120038;GO:1901360;GO:1901700;GO:1901701;GO:1902494","K00940","Posttranslational modification, protein turnover, chaperones"
"66","Plampa4924",113.529086974767,0.612394839815881,0.154437340860054,3.9653288278954,7.32948345595449e-05,0.0194452900617509,"-","-","K04615","-"
"67","Plampa5015",483.656621820283,-0.202745977475783,0.0499214425962482,-4.06130045390595,4.88001192021968e-05,0.0142746605091964,"-","-","K24888","-"
"68","Plampa5024",92.8975262903714,-0.517873391669753,0.114741690098901,-4.51338472723709,6.38011333099164e-06,0.00709697197658909,"-","-","-","-"
"69","Plampa5049",478.108350589412,-0.237336322026463,0.0575784329145615,-4.12196563908986,3.7565324266191e-05,0.0137138469047639,"-","GO:0000030;GO:0003674;GO:0003824;GO:0005575;GO:0005622;GO:0005623;GO:0005737;GO:0005783;GO:0005789;GO:0006464;GO:0006497;GO:0006505;GO:0006506;GO:0006629;GO:0006643;GO:0006644;GO:0006650;GO:0006661;GO:0006664;GO:0006793;GO:0006796;GO:0006807;GO:0008150;GO:0008152;GO:0008610;GO:0008654;GO:0009058;GO:0009059;GO:0009247;GO:0009987;GO:0012505;GO:0016020;GO:0016740;GO:0016757;GO:0016758;GO:0019538;GO:0019637;GO:0031984;GO:0034645;GO:0036211;GO:0042157;GO:0042158;GO:0042175;GO:0043170;GO:0043226;GO:0043227;GO:0043229;GO:0043231;GO:0043412;GO:0044237;GO:0044238;GO:0044249;GO:0044255;GO:0044260;GO:0044267;GO:0044422;GO:0044424;GO:0044425;GO:0044432;GO:0044444;GO:0044446;GO:0044464;GO:0045017;GO:0046467;GO:0046474;GO:0046486;GO:0046488;GO:0070085;GO:0071704;GO:0090407;GO:0097502;GO:0098827;GO:1901135;GO:1901137;GO:1901564;GO:1901566;GO:1901576;GO:1903509","K05284","Carbohydrate transport and metabolism"
"70","Plampa506",301.101076719601,-0.402122403043027,0.0955087921687634,-4.21031816979194,2.55011295989972e-05,0.0109253198527983,"mesenchymal-epithelial cell signaling involved in prostate gland development","GO:0000003;GO:0001655;GO:0001763;GO:0001968;GO:0002009;GO:0003006;GO:0003401;GO:0003674;GO:0005488;GO:0005515;GO:0005575;GO:0005576;GO:0005604;GO:0005614;GO:0005622;GO:0005623;GO:0005737;GO:0005783;GO:0005788;GO:0006464;GO:0006807;GO:0006950;GO:0007154;GO:0007155;GO:0007162;GO:0007267;GO:0007275;GO:0007399;GO:0007528;GO:0008150;GO:0008152;GO:0008284;GO:0009611;GO:0009653;GO:0009887;GO:0009888;GO:0009893;GO:0009987;GO:0010468;GO:0010604;GO:0010628;GO:0012505;GO:0014012;GO:0016043;GO:0019222;GO:0019538;GO:0022008;GO:0022414;GO:0022610;GO:0022612;GO:0023052;GO:0030030;GO:0030154;GO:0030155;GO:0030182;GO:0030198;GO:0030323;GO:0030324;GO:0030850;GO:0031012;GO:0031099;GO:0031102;GO:0031103;GO:0031175;GO:0031974;GO:0032501;GO:0032502;GO:0033554;GO:0035239;GO:0035295;GO:0036211;GO:0040007;GO:0042127;GO:0043062;GO:0043170;GO:0043226;GO:0043227;GO:0043229;GO:0043231;GO:0043233;GO:0043394;GO:0043412;GO:0043687;GO:0044237;GO:0044238;GO:0044260;GO:0044267;GO:0044421;GO:0044422;GO:0044424;GO:0044432;GO:0044444;GO:0044446;GO:0044464;GO:0045545;GO:0048468;GO:0048513;GO:0048518;GO:0048519;GO:0048522;GO:0048523;GO:0048589;GO:0048608;GO:0048666;GO:0048678;GO:0048699;GO:0048729;GO:0048731;GO:0048732;GO:0048754;GO:0048856;GO:0048869;GO:0050789;GO:0050794;GO:0050808;GO:0050896;GO:0051716;GO:0060255;GO:0060425;GO:0060429;GO:0060441;GO:0060447;GO:0060512;GO:0060541;GO:0060560;GO:0060562;GO:0060602;GO:0060638;GO:0060739;GO:0060740;GO:0061138;GO:0061458;GO:0061564;GO:0062023;GO:0065007;GO:0070013;GO:0071704;GO:0071840;GO:0097367;GO:0120036;GO:1901564","-","Signal transduction mechanisms"
"71","Plampa5109",62.8604329835447,-0.472438984905524,0.106349512336648,-4.44232394230472,8.89924431055958e-06,0.00737556048820356,"ubiquitin-like protein ligase activity","GO:0003674;GO:0003824;GO:0004842;GO:0005488;GO:0005515;GO:0005575;GO:0005622;GO:0005623;GO:0005634;GO:0005654;GO:0005737;GO:0005829;GO:0006464;GO:0006508;GO:0006511;GO:0006807;GO:0008150;GO:0008152;GO:0009056;GO:0009057;GO:0009987;GO:0010941;GO:0010942;GO:0016567;GO:0016740;GO:0019538;GO:0019787;GO:0019899;GO:0019941;GO:0030163;GO:0031625;GO:0031974;GO:0031981;GO:0032446;GO:0036211;GO:0042981;GO:0043065;GO:0043067;GO:0043068;GO:0043170;GO:0043226;GO:0043227;GO:0043229;GO:0043231;GO:0043233;GO:0043412;GO:0043632;GO:0044237;GO:0044238;GO:0044248;GO:0044257;GO:0044260;GO:0044265;GO:0044267;GO:0044389;GO:0044422;GO:0044424;GO:0044428;GO:0044444;GO:0044446;GO:0044464;GO:0048518;GO:0048522;GO:0050789;GO:0050794;GO:0051603;GO:0061630;GO:0061631;GO:0061650;GO:0061659;GO:0065007;GO:0070013;GO:0070647;GO:0071704;GO:0140096;GO:1901564;GO:1901565;GO:1901575","K10585","Posttranslational modification, protein turnover, chaperones"
"72","Plampa5158",291.091678686672,-0.226748350885323,0.062414290317052,-3.63295568584513,0.000280193153025404,0.0414640824338491,"-","GO:0000003;GO:0000139;GO:0003006;GO:0003674;GO:0005215;GO:0005488;GO:0005575;GO:0005622;GO:0005623;GO:0005737;GO:0005794;GO:0005795;GO:0005802;GO:0005829;GO:0006403;GO:0006810;GO:0006888;GO:0006891;GO:0006996;GO:0007030;GO:0007275;GO:0007548;GO:0008104;GO:0008150;GO:0008406;GO:0008565;GO:0009653;GO:0009887;GO:0009987;GO:0010256;GO:0012505;GO:0015031;GO:0015833;GO:0015931;GO:0016020;GO:0016043;GO:0016192;GO:0017119;GO:0022414;GO:0030334;GO:0031090;GO:0031984;GO:0032501;GO:0032502;GO:0032588;GO:0032879;GO:0032991;GO:0033036;GO:0033227;GO:0035262;GO:0040012;GO:0042886;GO:0043226;GO:0043227;GO:0043229;GO:0043231;GO:0044422;GO:0044424;GO:0044431;GO:0044444;GO:0044446;GO:0044464;GO:0044877;GO:0045137;GO:0045184;GO:0046907;GO:0048193;GO:0048513;GO:0048608;GO:0048731;GO:0048856;GO:0050657;GO:0050658;GO:0050789;GO:0050794;GO:0051179;GO:0051234;GO:0051236;GO:0051270;GO:0051641;GO:0051649;GO:0061458;GO:0065007;GO:0071702;GO:0071705;GO:0071840;GO:0098588;GO:0098791;GO:0099023;GO:2000145","K20289","Intracellular trafficking, secretion, and vesicular transport"
"73","Plampa5185",136.091059354533,-0.304746066816687,0.0734462085646618,-4.149241639184,3.33578542873597e-05,0.0126848800570067,"-","-","-","Extracellular structures"
"74","Plampa5402",458.57577671218,-0.214407382835326,0.0526384364263035,-4.07320956684394,4.63696653447233e-05,0.0142746605091964,"leucine-rich repeat serine threonine-protein kinase","-","K08843","Signal transduction mechanisms"
"75","Plampa5415",156.132968201941,-0.493232173587558,0.120041263482894,-4.10885523258295,3.97625220946912e-05,0.0137138469047639,"-","GO:0000226;GO:0001578;GO:0003341;GO:0005575;GO:0005622;GO:0005623;GO:0005737;GO:0005814;GO:0005815;GO:0005856;GO:0005929;GO:0005930;GO:0006928;GO:0006996;GO:0007010;GO:0007017;GO:0007018;GO:0007275;GO:0007368;GO:0007389;GO:0007507;GO:0008150;GO:0009605;GO:0009628;GO:0009629;GO:0009799;GO:0009855;GO:0009987;GO:0015630;GO:0016043;GO:0022607;GO:0030030;GO:0030031;GO:0031344;GO:0031514;GO:0032501;GO:0032502;GO:0032838;GO:0033043;GO:0034622;GO:0035082;GO:0035253;GO:0036064;GO:0036158;GO:0040011;GO:0042330;GO:0042332;GO:0042995;GO:0043226;GO:0043228;GO:0043229;GO:0043232;GO:0043933;GO:0044085;GO:0044087;GO:0044297;GO:0044422;GO:0044424;GO:0044430;GO:0044441;GO:0044444;GO:0044446;GO:0044450;GO:0044463;GO:0044464;GO:0044782;GO:0048060;GO:0048513;GO:0048731;GO:0048856;GO:0050789;GO:0050794;GO:0050896;GO:0051128;GO:0060271;GO:0060491;GO:0061371;GO:0065003;GO:0065007;GO:0070286;GO:0070925;GO:0071840;GO:0072359;GO:0097014;GO:0097542;GO:0099568;GO:0120025;GO:0120031;GO:0120032;GO:0120035;GO:0120036;GO:0120038;GO:1902017;GO:1902115","K23733","-"
"76","Plampa5580",509.789551473571,-0.350019846029774,0.0603173660415017,-5.80296967524976,6.51505780083341e-09,2.47745931306359e-05,"-","GO:0000209;GO:0003674;GO:0003824;GO:0004842;GO:0005488;GO:0005575;GO:0005622;GO:0005623;GO:0005737;GO:0005739;GO:0005740;GO:0005741;GO:0005783;GO:0005789;GO:0006464;GO:0006807;GO:0008150;GO:0008152;GO:0008270;GO:0009987;GO:0012505;GO:0016020;GO:0016567;GO:0016740;GO:0019538;GO:0019787;GO:0019867;GO:0031090;GO:0031966;GO:0031967;GO:0031968;GO:0031975;GO:0031984;GO:0032446;GO:0036211;GO:0042175;GO:0043167;GO:0043169;GO:0043170;GO:0043226;GO:0043227;GO:0043229;GO:0043231;GO:0043412;GO:0044237;GO:0044238;GO:0044260;GO:0044267;GO:0044422;GO:0044424;GO:0044425;GO:0044429;GO:0044432;GO:0044444;GO:0044446;GO:0044464;GO:0046872;GO:0046914;GO:0070647;GO:0071704;GO:0098588;GO:0098805;GO:0098827;GO:0140096;GO:1901564","K10660","-"
"77","Plampa5727",82.3622856122807,0.476989627933077,0.113347197094331,4.20821723131018,2.5739336382217e-05,0.0109253198527983,"ATPase activity, coupled to transmembrane movement of substances","GO:0000166;GO:0002237;GO:0003674;GO:0003824;GO:0004012;GO:0005215;GO:0005319;GO:0005324;GO:0005342;GO:0005488;GO:0005524;GO:0005548;GO:0005575;GO:0005622;GO:0005623;GO:0005737;GO:0005886;GO:0005887;GO:0006082;GO:0006690;GO:0006691;GO:0006725;GO:0006766;GO:0006767;GO:0006807;GO:0006810;GO:0006811;GO:0006820;GO:0006855;GO:0006857;GO:0006869;GO:0006928;GO:0006935;GO:0006950;GO:0006979;GO:0008028;GO:0008144;GO:0008150;GO:0008152;GO:0008509;GO:0008514;GO:0008559;GO:0009235;GO:0009605;GO:0009607;GO:0009617;GO:0009719;GO:0009725;GO:0009987;GO:0010033;GO:0010243;GO:0010876;GO:0010941;GO:0014070;GO:0015075;GO:0015103;GO:0015125;GO:0015238;GO:0015318;GO:0015399;GO:0015405;GO:0015420;GO:0015431;GO:0015432;GO:0015562;GO:0015698;GO:0015711;GO:0015718;GO:0015721;GO:0015722;GO:0015748;GO:0015833;GO:0015849;GO:0015850;GO:0015889;GO:0015893;GO:0015908;GO:0015909;GO:0015911;GO:0015914;GO:0016020;GO:0016021;GO:0016043;GO:0016323;GO:0016462;GO:0016477;GO:0016787;GO:0016817;GO:0016818;GO:0016887;GO:0017076;GO:0017111;GO:0017144;GO:0019752;GO:0022804;GO:0022857;GO:0030334;GO:0030335;GO:0030554;GO:0031224;GO:0031226;GO:0032355;GO:0032496;GO:0032553;GO:0032555;GO:0032559;GO:0032879;GO:0033013;GO:0033036;GO:0033283;GO:0033284;GO:0033285;GO:0033700;GO:0033993;GO:0034040;GO:0034204;GO:0034220;GO:0034634;GO:0034635;GO:0034762;GO:0034764;GO:0034775;GO:0035443;GO:0035461;GO:0035639;GO:0035672;GO:0035673;GO:0036094;GO:0040011;GO:0040012;GO:0040017;GO:0042221;GO:0042330;GO:0042493;GO:0042623;GO:0042626;GO:0042886;GO:0042887;GO:0042908;GO:0042910;GO:0042937;GO:0042939;GO:0043167;GO:0043168;GO:0043207;GO:0043225;GO:0043436;GO:0043492;GO:0044237;GO:0044281;GO:0044424;GO:0044425;GO:0044459;GO:0044464;GO:0045332;GO:0046483;GO:0046618;GO:0046623;GO:0046624;GO:0046717;GO:0046903;GO:0046942;GO:0046943;GO:0048518;GO:0048519;GO:0048522;GO:0048523;GO:0048583;GO:0048584;GO:0048870;GO:0050789;GO:0050794;GO:0050896;GO:0051049;GO:0051050;GO:0051179;GO:0051180;GO:0051181;GO:0051184;GO:0051186;GO:0051234;GO:0051270;GO:0051272;GO:0051674;GO:0051704;GO:0051707;GO:0051716;GO:0055085;GO:0060326;GO:0060548;GO:0061024;GO:0065007;GO:0065008;GO:0070887;GO:0071702;GO:0071704;GO:0071705;GO:0071840;GO:0071944;GO:0071997;GO:0072337;GO:0072348;GO:0072349;GO:0090482;GO:0097035;GO:0097159;GO:0097367;GO:0098590;GO:0098656;GO:0099039;GO:0099133;GO:1901214;GO:1901215;GO:1901265;GO:1901360;GO:1901363;GO:1901564;GO:1901568;GO:1901618;GO:1901682;GO:1901698;GO:1901700;GO:1902001;GO:1903825;GO:1904680;GO:1905039;GO:1905699;GO:1905701;GO:2000145;GO:2000147;GO:2001023;GO:2001025","K05665","Secondary metabolites biosynthesis, transport and catabolism"
"78","Plampa5729",312.049265385353,-0.284985924645944,0.0662404012578916,-4.30229767987693,1.69035999230969e-05,0.010713125995705,"protein processing involved in protein targeting to mitochondrion","GO:0003674;GO:0003824;GO:0004175;GO:0004222;GO:0005575;GO:0005622;GO:0005623;GO:0005737;GO:0005739;GO:0005759;GO:0006508;GO:0006518;GO:0006605;GO:0006626;GO:0006627;GO:0006807;GO:0006810;GO:0006839;GO:0006886;GO:0006996;GO:0007005;GO:0008104;GO:0008150;GO:0008152;GO:0008233;GO:0008237;GO:0009987;GO:0010467;GO:0015031;GO:0015833;GO:0016043;GO:0016485;GO:0016787;GO:0019538;GO:0031974;GO:0033036;GO:0033365;GO:0034613;GO:0034641;GO:0034982;GO:0042886;GO:0043170;GO:0043226;GO:0043227;GO:0043229;GO:0043231;GO:0043233;GO:0043603;GO:0044237;GO:0044238;GO:0044260;GO:0044267;GO:0044422;GO:0044424;GO:0044429;GO:0044444;GO:0044446;GO:0044464;GO:0045184;GO:0046907;GO:0051179;GO:0051234;GO:0051604;GO:0051641;GO:0051649;GO:0070011;GO:0070013;GO:0070585;GO:0070727;GO:0071702;GO:0071704;GO:0071705;GO:0071840;GO:0072594;GO:0072655;GO:0140096;GO:1901564","K01410","Posttranslational modification, protein turnover, chaperones"
"79","Plampa5878",149.509774579494,-0.324655142899625,0.0923636535755834,-3.51496644330935,0.000439809558446626,0.0487121110947486,"-","GO:0000226;GO:0001539;GO:0001578;GO:0001889;GO:0001947;GO:0002009;GO:0003007;GO:0003143;GO:0003341;GO:0003351;GO:0003352;GO:0003356;GO:0005575;GO:0005622;GO:0005623;GO:0005737;GO:0005856;GO:0005929;GO:0005930;GO:0006928;GO:0006996;GO:0007010;GO:0007017;GO:0007018;GO:0007275;GO:0007368;GO:0007389;GO:0007507;GO:0008150;GO:0009653;GO:0009790;GO:0009799;GO:0009855;GO:0009887;GO:0009888;GO:0009987;GO:0016043;GO:0022607;GO:0030030;GO:0030031;GO:0030317;GO:0030323;GO:0030324;GO:0031016;GO:0032501;GO:0032502;GO:0032838;GO:0032879;GO:0032886;GO:0034622;GO:0035050;GO:0035082;GO:0035239;GO:0035295;GO:0035469;GO:0036159;GO:0040011;GO:0042995;GO:0043226;GO:0043228;GO:0043229;GO:0043232;GO:0043933;GO:0044085;GO:0044422;GO:0044424;GO:0044430;GO:0044441;GO:0044444;GO:0044446;GO:0044458;GO:0044463;GO:0044464;GO:0044782;GO:0048513;GO:0048562;GO:0048565;GO:0048568;GO:0048598;GO:0048729;GO:0048731;GO:0048732;GO:0048856;GO:0048870;GO:0050789;GO:0050794;GO:0051179;GO:0051270;GO:0051674;GO:0055123;GO:0060271;GO:0060285;GO:0060287;GO:0060429;GO:0060541;GO:0060562;GO:0060632;GO:0061008;GO:0061371;GO:0065003;GO:0065007;GO:0070286;GO:0070925;GO:0071840;GO:0071907;GO:0071910;GO:0072359;GO:0097014;GO:0097722;GO:0099568;GO:0120025;GO:0120031;GO:0120036;GO:0120038","K23729","-"
"80","Plampa619",96.9709615889984,-0.61597233392004,0.137655313585912,-4.47474432968842,7.65027997595065e-06,0.00727286616380375,"Domain of unknown function (DUF4483)","-","-","-"
"81","Plampa62752",343.463230213489,0.245621464858744,0.0579939587292968,4.23529398993526,2.28252880443909e-05,0.0108496202504338,"-","-","-","-"
"82","Plampa6384",92.5688853348095,-0.583660691616267,0.153017873455848,-3.81433017225062,0.000136552802921492,0.0299575841486228,"motor activity","GO:0000226;GO:0001578;GO:0003674;GO:0005488;GO:0005515;GO:0005575;GO:0005622;GO:0005623;GO:0005737;GO:0005856;GO:0005858;GO:0005875;GO:0005929;GO:0005930;GO:0006996;GO:0007010;GO:0007017;GO:0008092;GO:0008150;GO:0009987;GO:0015630;GO:0015631;GO:0016043;GO:0022607;GO:0030030;GO:0030031;GO:0030286;GO:0032838;GO:0032991;GO:0034622;GO:0035082;GO:0036157;GO:0036158;GO:0042995;GO:0043014;GO:0043226;GO:0043228;GO:0043229;GO:0043232;GO:0043933;GO:0044085;GO:0044422;GO:0044424;GO:0044430;GO:0044441;GO:0044444;GO:0044446;GO:0044447;GO:0044463;GO:0044464;GO:0044782;GO:0045504;GO:0060271;GO:0065003;GO:0070286;GO:0070925;GO:0071840;GO:0097014;GO:0099568;GO:0120025;GO:0120031;GO:0120036;GO:0120038;GO:1902494","K10411","Signal transduction mechanisms"
"83","Plampa6555",47.9163947840534,0.422720805413513,0.11793530255256,3.58434494391634,0.000337925244115573,0.0441635578085602,"-","-","K08105","-"
"84","Plampa6565",137.303009631378,0.363730597714707,0.101086169805564,3.59822316360717,0.00032039864796739,0.0430012679530822,"-","GO:0003674;GO:0003824;GO:0004842;GO:0005488;GO:0005515;GO:0005575;GO:0005622;GO:0005623;GO:0005737;GO:0006464;GO:0006508;GO:0006511;GO:0006807;GO:0008150;GO:0008152;GO:0009056;GO:0009057;GO:0009987;GO:0016043;GO:0016567;GO:0016740;GO:0019538;GO:0019787;GO:0019904;GO:0019941;GO:0022607;GO:0030163;GO:0030165;GO:0032446;GO:0036211;GO:0043170;GO:0043412;GO:0043632;GO:0043933;GO:0044085;GO:0044237;GO:0044238;GO:0044248;GO:0044257;GO:0044260;GO:0044265;GO:0044267;GO:0044424;GO:0044464;GO:0051259;GO:0051260;GO:0051603;GO:0065003;GO:0070647;GO:0071704;GO:0071840;GO:0140096;GO:1901564;GO:1901565;GO:1901575","K10692","-"
"85","Plampa6646",82.575873045505,-0.441632814096622,0.107432162005134,-4.11080635308743,3.9427977235673e-05,0.0137138469047639,"-","-","K24839","-"
"86","Plampa68",658.033951728501,-0.170984883055425,0.0427336771993232,-4.00117411515742,6.3028956355793e-05,0.0174636638292255,"-","-","-","-"
"87","Plampa7077",704.31431519516,-0.308796707902058,0.07276672716106,-4.24365255865604,2.19910748489757e-05,0.0108496202504338,"Histone H1","GO:0005575;GO:0005622;GO:0005623;GO:0005634;GO:0005694;GO:0043226;GO:0043227;GO:0043228;GO:0043229;GO:0043231;GO:0043232;GO:0044424;GO:0044464","K11275","Chromatin structure and dynamics"
"88","Plampa7174",182.965295385752,-0.323939486459393,0.0865983640887839,-3.74071138488573,0.000183500141238219,0.0352954561571987,"-","-","-","-"
"89","Plampa7229",712.354753133707,-0.370031667928453,0.101907357467733,-3.63105939672331,0.000282260208762669,0.0414640824338491,"-","GO:0001539;GO:0003341;GO:0003674;GO:0005488;GO:0005515;GO:0005575;GO:0005622;GO:0005623;GO:0005634;GO:0005856;GO:0005875;GO:0005929;GO:0006928;GO:0006996;GO:0007017;GO:0007018;GO:0008017;GO:0008092;GO:0008150;GO:0009987;GO:0015630;GO:0015631;GO:0016043;GO:0022607;GO:0030030;GO:0030031;GO:0030317;GO:0031514;GO:0032991;GO:0036126;GO:0040011;GO:0042995;GO:0043226;GO:0043227;GO:0043228;GO:0043229;GO:0043231;GO:0043232;GO:0044085;GO:0044422;GO:0044424;GO:0044430;GO:0044446;GO:0044464;GO:0044782;GO:0048870;GO:0051179;GO:0051674;GO:0060271;GO:0060285;GO:0060294;GO:0070925;GO:0071840;GO:0097223;GO:0097722;GO:0097729;GO:0120025;GO:0120031;GO:0120036","K18628","Cytoskeleton"
"90","Plampa7244",62.0047863837237,-1.08656409119124,0.258264170335238,-4.20718092556483,2.58576118535724e-05,0.0109253198527983,"-","GO:0000323;GO:0003674;GO:0003824;GO:0005575;GO:0005622;GO:0005623;GO:0005737;GO:0005764;GO:0005773;GO:0005775;GO:0006022;GO:0006026;GO:0006027;GO:0006029;GO:0006516;GO:0006807;GO:0008150;GO:0008152;GO:0009056;GO:0009057;GO:0009100;GO:0009987;GO:0016250;GO:0016787;GO:0016826;GO:0019538;GO:0030163;GO:0030167;GO:0030200;GO:0030201;GO:0030203;GO:0031974;GO:0043170;GO:0043202;GO:0043226;GO:0043227;GO:0043229;GO:0043231;GO:0043233;GO:0044237;GO:0044238;GO:0044248;GO:0044260;GO:0044265;GO:0044422;GO:0044424;GO:0044437;GO:0044444;GO:0044446;GO:0044464;GO:0070013;GO:0071704;GO:1901135;GO:1901136;GO:1901564;GO:1901565;GO:1901575","K01565","Inorganic ion transport and metabolism"
"91","Plampa72857",378.732512189682,-0.605019592547135,0.157330748996983,-3.84552667806047,0.000120293774892779,0.0269080663524867,"-","-","-","-"
"92","Plampa734",295.534219075425,-0.458534683461031,0.129899755511084,-3.52991182821669,0.000415698178903423,0.0479018669184873,"-","-","-","-"
"93","Plampa7362",101.384112988003,-0.487396277120405,0.111560459550978,-4.36889807627307,1.24875026628052e-05,0.00949716202515208,"-","-","-","-"
"94","Plampa7456",167.812747096949,-0.471660223915715,0.126390837880416,-3.73175961031268,0.000190146912011081,0.0352954561571987,"-","GO:0000226;GO:0001539;GO:0001578;GO:0003341;GO:0003351;GO:0003674;GO:0005488;GO:0005515;GO:0005575;GO:0005622;GO:0005623;GO:0005737;GO:0005794;GO:0005815;GO:0005856;GO:0005874;GO:0005929;GO:0005930;GO:0006928;GO:0006996;GO:0007010;GO:0007017;GO:0007018;GO:0007275;GO:0007368;GO:0007389;GO:0007399;GO:0007417;GO:0007420;GO:0008017;GO:0008092;GO:0008104;GO:0008150;GO:0008285;GO:0008589;GO:0009799;GO:0009855;GO:0009966;GO:0009967;GO:0009987;GO:0010646;GO:0010647;GO:0012505;GO:0015630;GO:0015631;GO:0016043;GO:0017016;GO:0017137;GO:0019899;GO:0022607;GO:0023051;GO:0023056;GO:0030030;GO:0030031;GO:0030317;GO:0031267;GO:0031514;GO:0032501;GO:0032502;GO:0032838;GO:0032879;GO:0032880;GO:0033036;GO:0034613;GO:0035082;GO:0036064;GO:0036126;GO:0040011;GO:0042127;GO:0042995;GO:0043226;GO:0043227;GO:0043228;GO:0043229;GO:0043231;GO:0043232;GO:0043393;GO:0044085;GO:0044422;GO:0044424;GO:0044430;GO:0044441;GO:0044444;GO:0044446;GO:0044463;GO:0044464;GO:0044782;GO:0045880;GO:0048513;GO:0048518;GO:0048519;GO:0048522;GO:0048523;GO:0048583;GO:0048584;GO:0048731;GO:0048856;GO:0048870;GO:0050789;GO:0050794;GO:0051020;GO:0051098;GO:0051179;GO:0051641;GO:0051674;GO:0060271;GO:0060285;GO:0060294;GO:0060322;GO:0060341;GO:0065007;GO:0065009;GO:0070727;GO:0070925;GO:0071840;GO:0097014;GO:0097223;GO:0097722;GO:0097729;GO:0099080;GO:0099081;GO:0099512;GO:0099513;GO:0099568;GO:0120025;GO:0120031;GO:0120036;GO:0120038;GO:1903564;GO:1903566;GO:1903827;GO:1903829;GO:1904526","K19942","-"
"95","Plampa7466",68.9751795096915,-0.442966940699053,0.110839619514794,-3.9964675324416,6.42946950234459e-05,0.0174636638292255,"lisH domain-containing protein ARMC9","GO:0005575;GO:0005622;GO:0005623;GO:0005815;GO:0005856;GO:0005929;GO:0006996;GO:0008150;GO:0009987;GO:0015630;GO:0016043;GO:0022607;GO:0030030;GO:0030031;GO:0036064;GO:0042995;GO:0043226;GO:0043228;GO:0043229;GO:0043232;GO:0044085;GO:0044422;GO:0044424;GO:0044430;GO:0044441;GO:0044446;GO:0044463;GO:0044464;GO:0044782;GO:0060271;GO:0070925;GO:0071840;GO:0120025;GO:0120031;GO:0120036;GO:0120038","K22864","-"
"96","Plampa7505",90.7027919556492,-0.475748308336395,0.13118169922734,-3.62663626968206,0.000287137316994572,0.0414640824338491,"-","GO:0000003;GO:0003002;GO:0003674;GO:0005488;GO:0005515;GO:0005575;GO:0005622;GO:0005623;GO:0005634;GO:0005635;GO:0005737;GO:0005856;GO:0005882;GO:0005929;GO:0005930;GO:0006996;GO:0007275;GO:0007276;GO:0007283;GO:0007389;GO:0008150;GO:0009798;GO:0009987;GO:0010638;GO:0012505;GO:0016043;GO:0019953;GO:0022414;GO:0030030;GO:0031344;GO:0031346;GO:0031514;GO:0031967;GO:0031975;GO:0032501;GO:0032502;GO:0032504;GO:0032838;GO:0033043;GO:0036126;GO:0042802;GO:0042995;GO:0043226;GO:0043227;GO:0043228;GO:0043229;GO:0043231;GO:0043232;GO:0044087;GO:0044089;GO:0044422;GO:0044424;GO:0044428;GO:0044430;GO:0044441;GO:0044444;GO:0044446;GO:0044463;GO:0044464;GO:0044703;GO:0044782;GO:0045111;GO:0045724;GO:0048232;GO:0048518;GO:0048522;GO:0048609;GO:0048856;GO:0050789;GO:0050794;GO:0051128;GO:0051130;GO:0051704;GO:0060491;GO:0060972;GO:0065007;GO:0070986;GO:0071840;GO:0097014;GO:0097223;GO:0097729;GO:0099080;GO:0099081;GO:0099512;GO:0099513;GO:0099568;GO:0120025;GO:0120032;GO:0120034;GO:0120035;GO:0120036;GO:0120038;GO:1902017;GO:1902115;GO:1902117","-","-"
"97","Plampa7791",73.9712055689846,-0.515221121222832,0.133668508458319,-3.85446899322207,0.000115981080596425,0.0266557563474699,"dynein regulatory complex","GO:0000226;GO:0001539;GO:0001578;GO:0005575;GO:0005622;GO:0005623;GO:0005737;GO:0005829;GO:0005856;GO:0005929;GO:0005930;GO:0006928;GO:0006996;GO:0007010;GO:0007017;GO:0007275;GO:0007368;GO:0007389;GO:0007507;GO:0008150;GO:0009799;GO:0009855;GO:0009987;GO:0016043;GO:0022607;GO:0030030;GO:0030031;GO:0032501;GO:0032502;GO:0032838;GO:0034622;GO:0035082;GO:0040011;GO:0042995;GO:0043226;GO:0043228;GO:0043229;GO:0043232;GO:0043933;GO:0044085;GO:0044422;GO:0044424;GO:0044430;GO:0044441;GO:0044444;GO:0044446;GO:0044463;GO:0044464;GO:0044782;GO:0048513;GO:0048731;GO:0048856;GO:0048870;GO:0051179;GO:0051674;GO:0060271;GO:0060285;GO:0065003;GO:0070286;GO:0070925;GO:0071840;GO:0072359;GO:0097014;GO:0099568;GO:0120025;GO:0120031;GO:0120036;GO:0120038","K19754","-"
"98","Plampa790",41.193284527675,-0.414693933950639,0.116874408277883,-3.5482013561485,0.000387871578262042,0.0460920725501393,"single strand break repair","GO:0000012;GO:0000018;GO:0000166;GO:0001602;GO:0001653;GO:0002637;GO:0002682;GO:0002694;GO:0002697;GO:0002700;GO:0002703;GO:0002706;GO:0002712;GO:0002819;GO:0002822;GO:0002889;GO:0003008;GO:0003013;GO:0003674;GO:0003824;GO:0003906;GO:0004518;GO:0004519;GO:0004520;GO:0004527;GO:0004536;GO:0004888;GO:0004930;GO:0004983;GO:0005488;GO:0005575;GO:0005622;GO:0005623;GO:0005634;GO:0005654;GO:0005694;GO:0005737;GO:0005829;GO:0005886;GO:0006139;GO:0006259;GO:0006281;GO:0006302;GO:0006725;GO:0006807;GO:0006950;GO:0006974;GO:0007154;GO:0007165;GO:0007186;GO:0007218;GO:0007267;GO:0007268;GO:0007610;GO:0007623;GO:0007631;GO:0008015;GO:0008150;GO:0008152;GO:0008188;GO:0008408;GO:0008528;GO:0009893;GO:0009987;GO:0010604;GO:0016020;GO:0016787;GO:0016788;GO:0019219;GO:0019222;GO:0023052;GO:0031323;GO:0031325;GO:0031974;GO:0031981;GO:0032501;GO:0033554;GO:0034641;GO:0035861;GO:0036094;GO:0038023;GO:0043170;GO:0043226;GO:0043227;GO:0043228;GO:0043229;GO:0043231;GO:0043232;GO:0043233;GO:0044237;GO:0044238;GO:0044260;GO:0044422;GO:0044424;GO:0044427;GO:0044428;GO:0044444;GO:0044446;GO:0044464;GO:0045191;GO:0045935;GO:0046483;GO:0048511;GO:0048518;GO:0048522;GO:0048583;GO:0050776;GO:0050789;GO:0050793;GO:0050794;GO:0050864;GO:0050865;GO:0050896;GO:0051052;GO:0051054;GO:0051105;GO:0051106;GO:0051171;GO:0051173;GO:0051239;GO:0051249;GO:0051716;GO:0060089;GO:0060255;GO:0065007;GO:0070013;GO:0071704;GO:0071944;GO:0080090;GO:0090304;GO:0090305;GO:0090734;GO:0097159;GO:0098916;GO:0099536;GO:0099537;GO:0140097;GO:1901265;GO:1901360;GO:1901363;GO:2000026","K13295","-"
"99","Plampa8061",86.3492194203012,-0.552649515516099,0.148181342997468,-3.72954856756523,0.000191823131289124,0.0352954561571987,"Armadillo repeat-containing protein","GO:0000226;GO:0001578;GO:0003341;GO:0003352;GO:0003356;GO:0005575;GO:0005622;GO:0005623;GO:0005634;GO:0005737;GO:0005856;GO:0005929;GO:0005930;GO:0006928;GO:0006996;GO:0007010;GO:0007017;GO:0007018;GO:0007275;GO:0007368;GO:0007389;GO:0007399;GO:0007417;GO:0007420;GO:0007507;GO:0008150;GO:0009799;GO:0009855;GO:0009987;GO:0016043;GO:0021591;GO:0022607;GO:0030030;GO:0030031;GO:0032501;GO:0032502;GO:0032838;GO:0032879;GO:0032886;GO:0034622;GO:0035082;GO:0036158;GO:0042995;GO:0043226;GO:0043227;GO:0043228;GO:0043229;GO:0043231;GO:0043232;GO:0043933;GO:0044085;GO:0044422;GO:0044424;GO:0044430;GO:0044441;GO:0044444;GO:0044446;GO:0044463;GO:0044464;GO:0044782;GO:0048513;GO:0048731;GO:0048856;GO:0050789;GO:0050794;GO:0051270;GO:0060271;GO:0060322;GO:0060632;GO:0065003;GO:0065007;GO:0070286;GO:0070925;GO:0071840;GO:0072359;GO:0097014;GO:0097546;GO:0099568;GO:0120025;GO:0120031;GO:0120036;GO:0120038","K24125","Cell cycle control, cell division, chromosome partitioning"
"100","Plampa8514",315.619357435022,-1.72687292167645,0.181775736984403,-9.50001881617799,2.09852379251501e-21,2.39399594250112e-17,"-","-","-","-"
"101","Plampa905",152.348140140996,0.28060596922931,0.0672666617157524,4.17154593482075,3.02540051153813e-05,0.0121340207031207,"-","-","-","-"
"102","Plampa9532",165.265314460353,0.247464686439245,0.0669511263914774,3.69619900033148,0.000218851452358446,0.0378281419470478,"-","-","-","-"
"103","Plampa9555",33.0342004806999,-0.685261780973413,0.157787894388607,-4.34293000504666,1.40594938239324e-05,0.0100244190964638,"-","-","K14963","-"
"104","Plampa95607",369.893799800985,-0.362560868393146,0.100638630586306,-3.60260136968199,0.000315048478135373,0.0428529584325649,"-","-","-","-"
"105","Plampa994",505.099665765195,-0.230471500717037,0.0655266298138696,-3.51721889820517,0.000436093984427967,0.0487121110947486,"-","-","-","-"
